대분류명,중분류코드,중분류명(품목명),소분류코드,소분류명(품종명)
난류,2212,팔레높시스,221223,레드핑크1
난류,2212,팔레높시스,221224,리틀렘
난류,2212,팔레높시스,221225,리틀마리
난류,2212,팔레높시스,221226,리틀마리화이트
난류,2212,팔레높시스,221227,리틀슈
난류,2212,팔레높시스,221228,만천홍
난류,2212,팔레높시스,221229,멜로디
난류,2212,팔레높시스,221230,무사시노하코자키
난류,2212,팔레높시스,221231,문라이트
난류,2212,팔레높시스,221232,미니레드
난류,2212,팔레높시스,221233,미니쉘
난류,2212,팔레높시스,221234,미니종
난류,2212,팔레높시스,221236,미니혼합
난류,2212,팔레높시스,221237,미니화이트레드립
난류,2212,팔레높시스,221238,브라더걸
난류,2212,팔레높시스,221239,브라더골드
난류,2212,팔레높시스,221240,사쿠라핑크
난류,2212,팔레높시스,221241,샤니페이스
난류,2212,팔레높시스,221242,스트라이프
난류,2212,팔레높시스,221243,스트라이프카스가
난류,2212,팔레높시스,221244,스포레이드
난류,2212,팔레높시스,221245,시티걸
난류,2212,팔레높시스,221246,신세이토야마
난류,2212,팔레높시스,221247,아마빌리스
난류,2212,팔레높시스,221248,어무어낸시
난류,2212,팔레높시스,221249,에이스
난류,2212,팔레높시스,221250,엽물
난류,2212,팔레높시스,221251,옥소니아
난류,2212,팔레높시스,221252,자다카라카스가
난류,2212,팔레높시스,221253,체크핑크1
난류,2212,팔레높시스,221254,핑크
난류,2212,팔레높시스,221255,핑크(변이)
난류,2212,팔레높시스,221256,하마나
난류,2212,팔레높시스,221257,해피발렌타인
난류,2212,팔레높시스,221258,혼합
난류,2212,팔레높시스,221259,화이트스프라이프
난류,2212,팔레높시스,221260,화이트옐로우
난류,2212,팔레높시스,221261,화이트오렌지
난류,2212,팔레높시스,221262,화이트지나사
난류,2212,팔레높시스,221263,L미스트
난류,2212,팔레높시스,2212ZZ,기타
난류,2215,브라시아,221501,브라시아(일반)
난류,2215,브라시아,221502,스타워즈
난류,2215,브라시아,221503,스타워즈1
난류,2215,브라시아,221504,스타워즈2
난류,2215,브라시아,221505,스타워즈3
난류,2215,브라시아,221506,오돈토글로섬
선인장/다육식물류,2301,거취옥,230101,거취옥(일반)
선인장/다육식물류,2306,금황환철화,230601,금황환철화(일반)
선인장/다육식물류,2310,남제옥,231001,남제옥(일반)
선인장/다육식물류,2313,두우각,231301,두우각(일반)
선인장/다육식물류,2346,아데니움,234601,아데니움(일반)
선인장/다육식물류,2347,얌,234701,얌(일반)
선인장/다육식물류,2353,올리브옥,235301,올리브옥(일반)
선인장/다육식물류,2370,취상,237001,취상(일반)
선인장/다육식물류,2379,선인장,237901,선인장(일반)
선인장/다육식물류,2379,선인장,237902,홍차각
선인장/다육식물류,2379,선인장,237903,그리니
선인장/다육식물류,2379,선인장,237904,금화환
선인장/다육식물류,2379,선인장,237905,녹비단
선인장/다육식물류,2379,선인장,237906,바나나
선인장/다육식물류,2379,선인장,237907,방울선인장
선인장/다육식물류,2379,선인장,237908,백단
선인장/다육식물류,2379,선인장,237909,백청하
선인장/다육식물류,2379,선인장,237910,선미인
선인장/다육식물류,2379,선인장,237911,오차각
선인장/다육식물류,2379,선인장,237912,와송
선인장/다육식물류,2379,선인장,237913,청하이
선인장/다육식물류,2379,선인장,237914,칠복수
선인장/다육식물류,2379,선인장,237915,콩선인장
선인장/다육식물류,2380,게발선인장,238001,게발선이장(일반)
선인장/다육식물류,2382,꽃기린,238201,꽃기린(일반)
선인장/다육식물류,2387,알로에,238701,알로에(일반)
숙근류,2401,거베라,240101,라코
숙근류,2401,거베라,240102,로사벨라
숙근류,2401,거베라,240103,미라지
숙근류,2401,거베라,240104,볼가
숙근류,2401,거베라,240105,뷰티
숙근류,2401,거베라,240106,삼바
숙근류,2401,거베라,240107,에스텔
숙근류,2401,거베라,240108,엔소피
숙근류,2401,거베라,240109,포모사
숙근류,2401,거베라,240110,그라시아
숙근류,2401,거베라,240111,나이스
숙근류,2401,거베라,240112,라브리가
숙근류,2401,거베라,240113,레드
숙근류,2401,거베라,240114,로마
숙근류,2401,거베라,240115,르네브
숙근류,2401,거베라,240116,마린
숙근류,2401,거베라,240117,멜로디
숙근류,2401,거베라,240118,미니거베라
숙근류,2401,거베라,240119,바르셀로나
숙근류,2401,거베라,240120,백색
숙근류,2401,거베라,240121,브로넌트
숙근류,2401,거베라,240122,비르고
숙근류,2401,거베라,240123,스잔
숙근류,2401,거베라,240124,스트리트
숙근류,2401,거베라,240125,쎈시티브
숙근류,2401,거베라,240126,쏘니아
숙근류,2401,거베라,240127,암스텔담
숙근류,2401,거베라,240128,에어로빅
숙근류,2401,거베라,240129,엑스포
숙근류,2401,거베라,240130,엘로리버
숙근류,2401,거베라,240131,옐로우
숙근류,2401,거베라,240132,제네브
숙근류,2401,거베라,240133,칼리
숙근류,2401,거베라,240134,크로하웨
숙근류,2401,거베라,240135,크리샤
숙근류,2401,거베라,240136,크림색
숙근류,2401,거베라,240137,클라우딘
숙근류,2401,거베라,240138,타꾸라
숙근류,2401,거베라,240139,타마라
숙근류,2401,거베라,240140,파리
숙근류,2401,거베라,240141,파스카리
숙근류,2401,거베라,240142,팔마
숙근류,2401,거베라,240143,호프
숙근류,2401,거베라,240144,후레아
숙근류,2401,거베라,2401ZZ,기타
숙근류,2402,국화(스탠다드),240201,경수방
숙근류,2402,국화(스탠다드),240202,골드킹
숙근류,2402,국화(스탠다드),240203,골든켄트
숙근류,2402,국화(스탠다드),240204,공작대국
숙근류,2402,국화(스탠다드),240205,구월대국
숙근류,2402,국화(스탠다드),240206,국광
난류,2212,팔레높시스,221222,레드벨벳
숙근류,2402,국화(스탠다드),240207,금각
숙근류,2402,국화(스탠다드),240208,금목수
숙근류,2402,국화(스탠다드),240210,대수방
숙근류,2402,국화(스탠다드),240211,대왕
숙근류,2402,국화(스탠다드),240212,대진황
숙근류,2402,국화(스탠다드),240213,도도
숙근류,2402,국화(스탠다드),240214,명문
숙근류,2402,국화(스탠다드),240215,백공작
숙근류,2402,국화(스탠다드),240216,백광
숙근류,2402,국화(스탠다드),240217,백봉
숙근류,2402,국화(스탠다드),240218,백선
숙근류,2402,국화(스탠다드),240219,백양
숙근류,2402,국화(스탠다드),240220,봉황
숙근류,2402,국화(스탠다드),240221,부사
숙근류,2402,국화(스탠다드),240222,설국
숙근류,2402,국화(스탠다드),240223,설매화
숙근류,2402,국화(스탠다드),240224,설풍
숙근류,2402,국화(스탠다드),240225,세설
숙근류,2402,국화(스탠다드),240226,수방력
숙근류,2402,국화(스탠다드),240227,수방수
숙근류,2402,국화(스탠다드),240228,수방심
숙근류,2402,국화(스탠다드),240229,수방황
숙근류,2402,국화(스탠다드),240230,수봉황
숙근류,2402,국화(스탠다드),240231,신금목
숙근류,2402,국화(스탠다드),240232,신도도
숙근류,2402,국화(스탠다드),240233,신설
숙근류,2402,국화(스탠다드),240234,신수방
숙근류,2402,국화(스탠다드),240235,신천수
숙근류,2402,국화(스탠다드),240236,신태극
숙근류,2402,국화(스탠다드),240237,신태양
숙근류,2402,국화(스탠다드),240238,아미설
숙근류,2402,국화(스탠다드),240239,양국
숙근류,2402,국화(스탠다드),240240,오월청
숙근류,2402,국화(스탠다드),240241,오월황
숙근류,2402,국화(스탠다드),240242,은광
숙근류,2402,국화(스탠다드),240243,은목수
숙근류,2402,국화(스탠다드),240244,은봉
숙근류,2402,국화(스탠다드),240245,은설
숙근류,2402,국화(스탠다드),240246,을녀
숙근류,2402,국화(스탠다드),240247,장수황
숙근류,2402,국화(스탠다드),240248,정운
숙근류,2402,국화(스탠다드),240249,천수
숙근류,2402,국화(스탠다드),240250,천원
숙근류,2402,국화(스탠다드),240251,춘광
숙근류,2402,국화(스탠다드),240252,킹대국
숙근류,2402,국화(스탠다드),240253,팔팔
숙근류,2402,국화(스탠다드),240254,한정설
숙근류,2402,국화(스탠다드),240255,홍학
숙근류,2402,국화(스탠다드),240256,황금수
숙근류,2402,국화(스탠다드),240257,놀부
숙근류,2402,국화(스탠다드),240258,대설화
숙근류,2402,국화(스탠다드),240259,대청봉
숙근류,2402,국화(스탠다드),240260,금강
숙근류,2402,국화(스탠다드),240261,금관
숙근류,2402,국화(스탠다드),240262,백대국
숙근류,2402,국화(스탠다드),240263,금목단
숙근류,2402,국화(스탠다드),240264,부사설
숙근류,2402,국화(스탠다드),240265,선광
숙근류,2402,국화(스탠다드),240266,세계일
숙근류,2402,국화(스탠다드),240267,금설
숙근류,2402,국화(스탠다드),240268,수방설
숙근류,2402,국화(스탠다드),240269,신동아
숙근류,2402,국화(스탠다드),240270,신마
숙근류,2402,국화(스탠다드),240271,신설매
숙근류,2402,국화(스탠다드),240272,월향
숙근류,2402,국화(스탠다드),240273,은관
숙근류,2402,국화(스탠다드),240274,장수장
숙근류,2402,국화(스탠다드),240275,금태극
숙근류,2402,국화(스탠다드),240276,길적
숙근류,2402,국화(스탠다드),240277,황대국
숙근류,2402,국화(스탠다드),240278,개방심
숙근류,2402,국화(스탠다드),240279,대국
숙근류,2402,국화(스탠다드),240280,대은경
숙근류,2402,국화(스탠다드),240281,마코토
숙근류,2402,국화(스탠다드),240282,만년설
숙근류,2402,국화(스탠다드),240283,메사메
숙근류,2402,국화(스탠다드),240284,명자란
숙근류,2402,국화(스탠다드),240285,백궁
숙근류,2402,국화(스탠다드),240286,백마
숙근류,2402,국화(스탠다드),240287,백천대국
숙근류,2402,국화(스탠다드),240288,백천하
숙근류,2402,국화(스탠다드),240289,버터컵
숙근류,2402,국화(스탠다드),240290,볼킹
숙근류,2402,국화(스탠다드),240291,설향
숙근류,2402,국화(스탠다드),240292,세이도도
숙근류,2402,국화(스탠다드),240293,수광
숙근류,2402,국화(스탠다드),240294,시호사이
숙근류,2402,국화(스탠다드),240295,신수박기
숙근류,2402,국화(스탠다드),240296,신천지
숙근류,2402,국화(스탠다드),240297,신풍
숙근류,2402,국화(스탠다드),240298,아게보
숙근류,2402,국화(스탠다드),240299,압력
숙근류,2402,국화(스탠다드),2402A0,애자
숙근류,2402,국화(스탠다드),2402A1,옥봉
숙근류,2402,국화(스탠다드),2402A2,우근
숙근류,2402,국화(스탠다드),2402A3,은수경
숙근류,2402,국화(스탠다드),2402A4,은하
숙근류,2402,국화(스탠다드),2402A5,자운
숙근류,2402,국화(스탠다드),2402A6,정흥추
숙근류,2402,국화(스탠다드),2402A7,참사랑황
숙근류,2402,국화(스탠다드),2402A8,청춘
숙근류,2402,국화(스탠다드),2402A9,청풍
숙근류,2402,국화(스탠다드),2402B0,추보
숙근류,2402,국화(스탠다드),2402B1,추의향
숙근류,2402,국화(스탠다드),2402B2,춘금
숙근류,2402,국화(스탠다드),2402B3,칠월향
숙근류,2402,국화(스탠다드),2402B4,킹연분홍
숙근류,2402,국화(스탠다드),2402B5,팔월
숙근류,2402,국화(스탠다드),2402B6,팔월백
숙근류,2402,국화(스탠다드),2402B7,팔월향
숙근류,2402,국화(스탠다드),2402B8,팔월황
숙근류,2402,국화(스탠다드),2402B9,팔황
숙근류,2402,국화(스탠다드),2402C0,팔황대국
숙근류,2402,국화(스탠다드),2402C1,하천
숙근류,2402,국화(스탠다드),2402C2,하천조
숙근류,2402,국화(스탠다드),2402C3,한대신
숙근류,2402,국화(스탠다드),2402C4,향유
숙근류,2402,국화(스탠다드),2402C5,홍연
숙근류,2402,국화(스탠다드),2402C6,화도
숙근류,2402,국화(스탠다드),2402C7,화재
숙근류,2402,국화(스탠다드),2402C8,화천
숙근류,2402,국화(스탠다드),2402C9,황국
숙근류,2402,국화(스탠다드),2402D0,황금킹
숙근류,2402,국화(스탠다드),240209,대백수
숙근류,2402,국화(스탠다드),2402D2,흔들이
숙근류,2402,국화(스탠다드),2402ZZ,기타
숙근류,2403,국화(스프레이),240301,골덴카산드라
숙근류,2403,국화(스프레이),240302,골든다이크
숙근류,2403,국화(스프레이),240303,골든피스
숙근류,2403,국화(스프레이),240304,광염
숙근류,2403,국화(스프레이),240305,구월소국
숙근류,2403,국화(스프레이),240306,귀부인
숙근류,2403,국화(스프레이),240307,근이소국
숙근류,2403,국화(스프레이),240308,금미소국
숙근류,2403,국화(스프레이),240309,금소국
숙근류,2403,국화(스프레이),240310,금송이
숙근류,2403,국화(스프레이),240311,금수레
숙근류,2403,국화(스프레이),240312,금정
숙근류,2403,국화(스프레이),240313,금파
숙근류,2403,국화(스프레이),240314,금풍
숙근류,2403,국화(스프레이),240315,금풍차
숙근류,2403,국화(스프레이),240316,남정
숙근류,2403,국화(스프레이),240317,네프키스
숙근류,2403,국화(스프레이),240318,노르웨이
숙근류,2403,국화(스프레이),240319,노베로
숙근류,2403,국화(스프레이),240320,노을
숙근류,2403,국화(스프레이),240321,눈설
숙근류,2403,국화(스프레이),240322,니케이
숙근류,2403,국화(스프레이),240323,다이아몬드
숙근류,2403,국화(스프레이),240324,다크아모르
숙근류,2403,국화(스프레이),240325,닥스
숙근류,2403,국화(스프레이),240326,단국
숙근류,2403,국화(스프레이),240327,단설
숙근류,2403,국화(스프레이),240328,단월
숙근류,2403,국화(스프레이),240329,단추
숙근류,2403,국화(스프레이),240330,단풍소국
숙근류,2403,국화(스프레이),240331,댄스
숙근류,2403,국화(스프레이),240332,델몬트
숙근류,2403,국화(스프레이),240333,동소국
숙근류,2403,국화(스프레이),240334,동지향
숙근류,2403,국화(스프레이),240335,라이거
숙근류,2403,국화(스프레이),240336,레드문
숙근류,2403,국화(스프레이),240337,레드킹
숙근류,2403,국화(스프레이),240338,레몬
숙근류,2403,국화(스프레이),240339,로망스
숙근류,2403,국화(스프레이),240340,로비스타
숙근류,2403,국화(스프레이),240341,로얄
숙근류,2403,국화(스프레이),240342,루비
숙근류,2403,국화(스프레이),240343,루카노
숙근류,2403,국화(스프레이),240344,리간
숙근류,2403,국화(스프레이),240345,리걸웨스트랜트
숙근류,2403,국화(스프레이),240346,리겐다크
숙근류,2403,국화(스프레이),240347,리골타임
숙근류,2403,국화(스프레이),240348,리네커
숙근류,2403,국화(스프레이),240349,리믹스
숙근류,2403,국화(스프레이),240350,린커
숙근류,2403,국화(스프레이),240351,마가렛
숙근류,2403,국화(스프레이),240352,마스코트
숙근류,2403,국화(스프레이),240353,마이아미
숙근류,2403,국화(스프레이),240354,마이에미핑크
숙근류,2403,국화(스프레이),240355,마이크로
숙근류,2403,국화(스프레이),240356,명소국
숙근류,2403,국화(스프레이),240357,모닝썬
숙근류,2403,국화(스프레이),240358,무명화
숙근류,2403,국화(스프레이),240359,무풍차
숙근류,2403,국화(스프레이),240360,미소국
숙근류,2403,국화(스프레이),240361,미얀먀
숙근류,2403,국화(스프레이),240362,바이킹
숙근류,2403,국화(스프레이),240363,반다
숙근류,2403,국화(스프레이),240364,백광소국
숙근류,2403,국화(스프레이),240365,백설
숙근류,2403,국화(스프레이),240366,백현소국
숙근류,2403,국화(스프레이),240367,베스카스
숙근류,2403,국화(스프레이),240368,별나라
숙근류,2403,국화(스프레이),240369,병금
숙근류,2403,국화(스프레이),240370,보샤트
숙근류,2403,국화(스프레이),240371,봉
숙근류,2403,국화(스프레이),240372,봉안
숙근류,2403,국화(스프레이),240373,브론즈
숙근류,2403,국화(스프레이),240374,비어리스
숙근류,2403,국화(스프레이),240375,비엔날레
숙근류,2403,국화(스프레이),240376,뽀빠이
숙근류,2403,국화(스프레이),240377,사라스타
숙근류,2403,국화(스프레이),240378,사라토나
숙근류,2403,국화(스프레이),240379,산유화
숙근류,2403,국화(스프레이),240380,새시대
숙근류,2403,국화(스프레이),240381,샛별
숙근류,2403,국화(스프레이),240382,서라벌
숙근류,2403,국화(스프레이),240383,선녀
숙근류,2403,국화(스프레이),240384,선정
숙근류,2403,국화(스프레이),240385,선화
숙근류,2403,국화(스프레이),240386,세몬
숙근류,2403,국화(스프레이),240387,세이피
숙근류,2403,국화(스프레이),240388,수례국화
숙근류,2403,국화(스프레이),240389,순정
숙근류,2403,국화(스프레이),240390,스타루비
숙근류,2403,국화(스프레이),240391,스텔리온
숙근류,2403,국화(스프레이),240392,시다메
숙근류,2403,국화(스프레이),240393,신남정
숙근류,2403,국화(스프레이),240394,신선녀
숙근류,2403,국화(스프레이),240395,신소국
숙근류,2403,국화(스프레이),240396,실국
숙근류,2403,국화(스프레이),240397,실소국
숙근류,2403,국화(스프레이),240398,쌍파
숙근류,2403,국화(스프레이),240399,써니
숙근류,2403,국화(스프레이),2403A0,써니크린
숙근류,2403,국화(스프레이),2403A1,써니퓨마
숙근류,2403,국화(스프레이),2403A2,써니핑크
숙근류,2403,국화(스프레이),2403A3,썬
숙근류,2403,국화(스프레이),2403A4,썬라이트
숙근류,2403,국화(스프레이),2403A5,썬샤인
숙근류,2403,국화(스프레이),2403A6,썬핑크
숙근류,2403,국화(스프레이),2403A7,쎄미
숙근류,2403,국화(스프레이),2403A8,쓰리랑소국
숙근류,2403,국화(스프레이),2403A9,아가야
숙근류,2403,국화(스프레이),2403AA,더블린
숙근류,2403,국화(스프레이),2403AB,데스라
숙근류,2403,국화(스프레이),2403AC,델리아
숙근류,2403,국화(스프레이),2403AD,델리플레임
숙근류,2403,국화(스프레이),2403AE,도기야
숙근류,2403,국화(스프레이),2403AF,동국
숙근류,2403,국화(스프레이),2403AG,동진국
숙근류,2402,국화(스탠다드),2402D1,황보
숙근류,2403,국화(스프레이),2403AH,동해
숙근류,2403,국화(스프레이),2403N0,레드스타
숙근류,2403,국화(스프레이),2403N1,레드카산드라
숙근류,2403,국화(스프레이),2403N2,레이건
숙근류,2403,국화(스프레이),2403N3,로메로
숙근류,2403,국화(스프레이),2403N4,로얄타겟
숙근류,2403,국화(스프레이),2403N5,로얄테시노
숙근류,2403,국화(스프레이),2403N6,록키
숙근류,2403,국화(스프레이),2403N7,금자
숙근류,2403,국화(스프레이),2403N8,루포
숙근류,2403,국화(스프레이),2403N9,리라이트엘로우소국
숙근류,2403,국화(스프레이),2403O0,리렌스
숙근류,2403,국화(스프레이),2403O1,리찰스
숙근류,2403,국화(스프레이),2403O2,금화
숙근류,2403,국화(스프레이),2403O3,기백
숙근류,2403,국화(스프레이),2403O4,메이져보샤트
숙근류,2403,국화(스프레이),2403O5,멜로디
숙근류,2403,국화(스프레이),2403O6,모나
숙근류,2403,국화(스프레이),2403O7,모니메이커
숙근류,2403,국화(스프레이),2403O8,모닝골드
숙근류,2403,국화(스프레이),2403O9,미니골덴
숙근류,2403,국화(스프레이),2403P0,미니카산드라
숙근류,2403,국화(스프레이),2403P1,미풍차
숙근류,2403,국화(스프레이),2403P2,꽃분이
숙근류,2403,국화(스프레이),2403P3,백소국
숙근류,2403,국화(스프레이),2403P4,백운
숙근류,2403,국화(스프레이),2403P5,베수비오
숙근류,2403,국화(스프레이),2403P6,보난자
숙근류,2403,국화(스프레이),2403P7,불개미
숙근류,2403,국화(스프레이),2403P8,붉은 악마
숙근류,2403,국화(스프레이),2403P9,브리즈
숙근류,2403,국화(스프레이),2403Q0,비미니
숙근류,2403,국화(스프레이),2403Q1,비아리스옐로우
숙근류,2403,국화(스프레이),2403Q2,비아리스핑크
숙근류,2403,국화(스프레이),2403Q3,빠안다
숙근류,2403,국화(스프레이),2403Q4,사랑소국
숙근류,2403,국화(스프레이),2403Q5,꿈몽
숙근류,2403,국화(스프레이),2403Q6,산조
숙근류,2403,국화(스프레이),2403Q7,샤론
숙근류,2403,국화(스프레이),2403Q8,샤인
숙근류,2403,국화(스프레이),2403Q9,선보라
숙근류,2403,국화(스프레이),2403R0,세계
숙근류,2403,국화(스프레이),2403R1,세미소국
숙근류,2403,국화(스프레이),2403R2,소국
숙근류,2403,국화(스프레이),2403R3,소궁녀
숙근류,2403,국화(스프레이),2403R4,소녀
숙근류,2403,국화(스프레이),2403R5,송정
숙근류,2403,국화(스프레이),2403R6,스카이
숙근류,2403,국화(스프레이),2403R7,스파이더
숙근류,2403,국화(스프레이),2403R8,시카코
숙근류,2403,국화(스프레이),2403R9,신금
숙근류,2403,국화(스프레이),2403S0,신델몬트
숙근류,2403,국화(스프레이),2403S1,신세계
숙근류,2403,국화(스프레이),2403S2,신홍파
숙근류,2403,국화(스프레이),2403S3,아마존
숙근류,2403,국화(스프레이),2403S4,아몬드
숙근류,2403,국화(스프레이),2403S5,아즈마
숙근류,2403,국화(스프레이),2403S6,안젤라
숙근류,2403,국화(스프레이),2403S7,알파
숙근류,2403,국화(스프레이),2403S8,알프스
숙근류,2403,국화(스프레이),2403S9,애머시스트
숙근류,2403,국화(스프레이),2403T0,애버그린
숙근류,2403,국화(스프레이),2403T1,남홍
숙근류,2403,국화(스프레이),2403T2,야생국화
숙근류,2403,국화(스프레이),2403T3,에벨레오
숙근류,2403,국화(스프레이),2403T4,엔젤
숙근류,2403,국화(스프레이),2403T5,엘리스
숙근류,2403,국화(스프레이),2403T6,연분홍소국
숙근류,2403,국화(스프레이),2403T7,연인
숙근류,2403,국화(스프레이),2403T8,연자
숙근류,2403,국화(스프레이),2403T9,연정
숙근류,2403,국화(스프레이),2403U0,연지
숙근류,2403,국화(스프레이),2403U1,열애
숙근류,2403,국화(스프레이),2403U2,옐돈
숙근류,2403,국화(스프레이),2403U3,눈낭자
숙근류,2403,국화(스프레이),2403U4,오색
숙근류,2403,국화(스프레이),2403U5,오소국
숙근류,2403,국화(스프레이),2403U6,오스카
숙근류,2403,국화(스프레이),2403U7,눈향
숙근류,2403,국화(스프레이),2403U8,은소국
숙근류,2403,국화(스프레이),2403U9,은왕자
숙근류,2403,국화(스프레이),2403V0,이사시
숙근류,2403,국화(스프레이),2403V1,임파라
숙근류,2403,국화(스프레이),2403V2,적소국
숙근류,2403,국화(스프레이),2403V3,적엘리자
숙근류,2403,국화(스프레이),2403V4,정심
숙근류,2403,국화(스프레이),2403V5,조로
숙근류,2403,국화(스프레이),2403V6,쥬피트
숙근류,2403,국화(스프레이),2403V7,차빈
숙근류,2403,국화(스프레이),2403V8,차차
숙근류,2403,국화(스프레이),2403V9,카니발
숙근류,2403,국화(스프레이),2403W0,캐롤
숙근류,2403,국화(스프레이),2403W1,캐빈
숙근류,2403,국화(스프레이),2403W2,커미트
숙근류,2403,국화(스프레이),2403W3,코브라
숙근류,2403,국화(스프레이),2403W4,쿠리언
숙근류,2403,국화(스프레이),2403W5,큐피트
숙근류,2403,국화(스프레이),2403W6,크레도
숙근류,2403,국화(스프레이),2403W7,크로커다일
숙근류,2403,국화(스프레이),2403W8,클래식
숙근류,2403,국화(스프레이),2403W9,킹소국
숙근류,2403,국화(스프레이),2403X0,투너먼스
숙근류,2403,국화(스프레이),2403X1,파도소리
숙근류,2403,국화(스프레이),2403X2,푸마소국
숙근류,2403,국화(스프레이),2403X3,풍차
숙근류,2403,국화(스프레이),2403X4,피노키오
숙근류,2403,국화(스프레이),2403X5,피소국
숙근류,2403,국화(스프레이),2403X6,피카사스
숙근류,2403,국화(스프레이),2403X7,핀마크
숙근류,2403,국화(스프레이),2403X8,핑크레이디
숙근류,2403,국화(스프레이),2403X9,핑크소국
숙근류,2403,국화(스프레이),2403Y0,하천소국
숙근류,2403,국화(스프레이),2403Y1,해실
숙근류,2403,국화(스프레이),2403Y2,허만드
숙근류,2403,국화(스프레이),2403Y3,혼샤인
숙근류,2403,국화(스프레이),2403Y4,홍심
숙근류,2403,국화(스프레이),2403Y5,홍파
숙근류,2403,국화(스프레이),2403Y6,화야소국
숙근류,2403,국화(스프레이),2403Y7,화이트리네커
숙근류,2403,국화(스프레이),2403M9,레드더블스
숙근류,2403,국화(스프레이),2403Y9,다보탑
숙근류,2403,국화(스프레이),2403Z0,화자소국
숙근류,2403,국화(스프레이),2403Z1,황금희
숙근류,2403,국화(스프레이),2403Z2,황소국
숙근류,2403,국화(스프레이),2403Z3,훼보
숙근류,2403,국화(스프레이),2403Z4,흰소국
숙근류,2403,국화(스프레이),2403Z5,다알리아
숙근류,2403,국화(스프레이),2403Z6,닥크웰돈
숙근류,2403,국화(스프레이),2403Z7,달마
숙근류,2403,국화(스프레이),2403Z8,대본
숙근류,2403,국화(스프레이),2403Z9,댄시
숙근류,2403,국화(스프레이),2403ZZ,기타
숙근류,2404,국화(기타),240401,국화(일반)
숙근류,2404,국화(기타),240402,미니국화(일반)
숙근류,2404,국화(기타),240415,현해작
숙근류,2405,극락조화,240501,극락조화(일반)
숙근류,2405,극락조화,240502,레기네
숙근류,2406,금낭화,240601,금낭화(일반)
숙근류,2407,꽃창포,240701,꽃창포(일반)
숙근류,2407,꽃창포,240702,창포
숙근류,2408,리아트리스,240801,리아트리스(일반)
숙근류,2410,모날다,241001,모날다(일반)
숙근류,2412,수련,241201,수련(일반)
숙근류,2413,스타티스,241301,미스티블루
숙근류,2413,스타티스,241302,미스티화이트
숙근류,2413,스타티스,241303,벨트라트
숙근류,2413,스타티스,241304,블루환타지아
숙근류,2413,스타티스,241305,샤넬
숙근류,2413,스타티스,241306,에밀
숙근류,2413,스타티스,241307,오션블루
숙근류,2413,스타티스,241308,카스피아
숙근류,2413,스타티스,241309,환타지아
숙근류,2413,스타티스,241310,골든옐로우
숙근류,2413,스타티스,241311,본제리
숙근류,2413,스타티스,241312,소피아
숙근류,2413,스타티스,241313,스카이블루
숙근류,2413,스타티스,241314,파스텔믹스
숙근류,2413,스타티스,241316,미스티핑크
숙근류,2413,스타티스,241317,핑크
숙근류,2413,스타티스,241318,화이트
숙근류,2413,스타티스,241319,훼스트
숙근류,2413,스타티스,241320,듀모사
숙근류,2413,스타티스,241321,리모늄
숙근류,2413,스타티스,241322,보라
숙근류,2413,스타티스,241323,봉주에르
숙근류,2413,스타티스,241324,블루
숙근류,2413,스타티스,241325,슈퍼블루
숙근류,2413,스타티스,241326,시넨시스
숙근류,2413,스타티스,241327,실키믹스
숙근류,2413,스타티스,241328,아이스백
숙근류,2413,스타티스,241329,알타이카
숙근류,2413,스타티스,241330,에밀레
숙근류,2413,스타티스,241331,이리블루
숙근류,2413,스타티스,241332,트레비안
숙근류,2413,스타티스,241333,퍼블
숙근류,2413,스타티스,241334,페레이지
숙근류,2413,스타티스,241335,얼리블루
숙근류,2413,스타티스,241336,얼리화이트
숙근류,2413,스타티스,2413ZZ,기타
숙근류,2417,아르메리아,241701,아르메리아(일반)
숙근류,2418,아스틸베,241801,아스틸베(일반)
숙근류,2420,안개꽃,242001,골란
숙근류,2420,안개꽃,242002,길보아
숙근류,2420,안개꽃,242003,다이아몬드
숙근류,2420,안개꽃,242004,브리스톨훼어리
숙근류,2420,안개꽃,242005,레드
숙근류,2420,안개꽃,242006,퍼펙트
숙근류,2420,안개꽃,242007,양안개
숙근류,2420,안개꽃,242008,이스라엘
숙근류,2420,안개꽃,242029,분홍안개
숙근류,2420,안개꽃,2420ZZ,기타
숙근류,2422,옥잠화,242201,옥잠화(일반)
숙근류,2422,옥잠화,242202,물옥잠화
숙근류,2423,용담,242301,용담(일반)
숙근류,2423,용담,242302,큰용담
숙근류,2425,작약,242501,작약(일반)
숙근류,2427,카네이션(스탠다드),242701,넬슨
숙근류,2427,카네이션(스탠다드),242702,데지오
숙근류,2427,카네이션(스탠다드),242703,도나
숙근류,2427,카네이션(스탠다드),242704,라우렐라
숙근류,2427,카네이션(스탠다드),242705,라파즈
숙근류,2427,카네이션(스탠다드),242706,랑데뷰
숙근류,2427,카네이션(스탠다드),242707,로드릭
숙근류,2427,카네이션(스탠다드),242708,마벨
숙근류,2427,카네이션(스탠다드),242709,마스타
숙근류,2427,카네이션(스탠다드),242710,모나코
숙근류,2427,카네이션(스탠다드),242711,밀레디
숙근류,2427,카네이션(스탠다드),242712,비엔나
숙근류,2427,카네이션(스탠다드),242713,사리나
숙근류,2427,카네이션(스탠다드),242714,사모아
숙근류,2427,카네이션(스탠다드),242715,샤롯데
숙근류,2427,카네이션(스탠다드),242716,솔라
숙근류,2427,카네이션(스탠다드),242717,신기보
숙근류,2427,카네이션(스탠다드),242718,아리안느
숙근류,2427,카네이션(스탠다드),242719,아이카디
숙근류,2427,카네이션(스탠다드),242720,알마
숙근류,2427,카네이션(스탠다드),242721,이베리아
숙근류,2427,카네이션(스탠다드),242722,인카스
숙근류,2427,카네이션(스탠다드),242723,지지
숙근류,2427,카네이션(스탠다드),242724,카레나
숙근류,2427,카네이션(스탠다드),242725,카르텔
숙근류,2427,카네이션(스탠다드),242726,카스테라오
숙근류,2427,카네이션(스탠다드),242727,캔디
숙근류,2427,카네이션(스탠다드),242728,크리스티나
숙근류,2427,카네이션(스탠다드),242729,클라라
숙근류,2427,카네이션(스탠다드),242730,타스만
숙근류,2427,카네이션(스탠다드),242731,타이티
숙근류,2427,카네이션(스탠다드),242732,툰드라
숙근류,2427,카네이션(스탠다드),242733,파울라
숙근류,2427,카네이션(스탠다드),242734,팔라스
숙근류,2427,카네이션(스탠다드),242735,프란세스코
숙근류,2427,카네이션(스탠다드),242736,핑크도나
숙근류,2427,카네이션(스탠다드),242737,가란다
숙근류,2427,카네이션(스탠다드),242738,가보
숙근류,2427,카네이션(스탠다드),242739,가우디나
숙근류,2427,카네이션(스탠다드),242740,그린매직
숙근류,2427,카네이션(스탠다드),242741,까바넷
숙근류,2427,카네이션(스탠다드),242742,깜바
숙근류,2427,카네이션(스탠다드),242743,홀스
숙근류,2427,카네이션(스탠다드),242744,다이아나
숙근류,2403,국화(스프레이),2403Y8,화이트소국
숙근류,2403,국화(스프레이),2403AJ,디스커버리
숙근류,2403,국화(스프레이),2403AK,디자인
숙근류,2403,국화(스프레이),2403AL,디트로이트
숙근류,2403,국화(스프레이),2403AM,또리꼬
숙근류,2403,국화(스프레이),2403AN,라이트핑크
숙근류,2403,국화(스프레이),2403AO,레기엘로우
숙근류,2403,국화(스프레이),2403AP,레드로사
숙근류,2403,국화(스프레이),2403AQ,레드바이킹
숙근류,2403,국화(스프레이),2403AR,레드아즈마
숙근류,2403,국화(스프레이),2403AS,레스톤
숙근류,2403,국화(스프레이),2403AT,레시라
숙근류,2403,국화(스프레이),2403AU,레포커스
숙근류,2403,국화(스프레이),2403AV,로사
숙근류,2403,국화(스프레이),2403AW,로얄알디노
숙근류,2403,국화(스프레이),2403AX,롤리팝
숙근류,2403,국화(스프레이),2403AY,르망
숙근류,2403,국화(스프레이),2403AZ,리네커살몬
숙근류,2403,국화(스프레이),2403B0,아그네스
숙근류,2403,국화(스프레이),2403B1,아끼야마
숙근류,2403,국화(스프레이),2403B2,아놀드
숙근류,2403,국화(스프레이),2403B3,아르거스
숙근류,2403,국화(스프레이),2403B4,아리랑
숙근류,2403,국화(스프레이),2403B5,아모르
숙근류,2403,국화(스프레이),2403B6,안개소국
숙근류,2403,국화(스프레이),2403B7,알버트헤이즌
숙근류,2403,국화(스프레이),2403B8,앵두
숙근류,2403,국화(스프레이),2403B9,야마부끼
숙근류,2403,국화(스프레이),2403BA,리네커화이트
숙근류,2403,국화(스프레이),2403BB,리벌렛
숙근류,2403,국화(스프레이),2403BC,리브리오
숙근류,2403,국화(스프레이),2403BD,리비트
숙근류,2403,국화(스프레이),2403BE,마블링
숙근류,2403,국화(스프레이),2403BF,마제스틱
숙근류,2403,국화(스프레이),2403BG,마크
숙근류,2403,국화(스프레이),2403BH,메리드
숙근류,2403,국화(스프레이),2403BI,명금
숙근류,2403,국화(스프레이),2403BJ,모나리자
숙근류,2403,국화(스프레이),2403BK,모나코
숙근류,2403,국화(스프레이),2403BL,목화설
숙근류,2403,국화(스프레이),2403BM,미니 바이킹
숙근류,2403,국화(스프레이),2403BN,미니계백
숙근류,2403,국화(스프레이),2403BO,미니풍차
숙근류,2403,국화(스프레이),2403BP,미랑
숙근류,2403,국화(스프레이),2403BQ,바런
숙근류,2403,국화(스프레이),2403BR,백남정
숙근류,2403,국화(스프레이),2403BS,백별
숙근류,2403,국화(스프레이),2403BT,백수
숙근류,2403,국화(스프레이),2403BU,백옥
숙근류,2403,국화(스프레이),2403BV,백의
숙근류,2403,국화(스프레이),2403BW,백화
숙근류,2403,국화(스프레이),2403BX,버니
숙근류,2403,국화(스프레이),2403BY,베네치아
숙근류,2403,국화(스프레이),2403BZ,베니졸링크
숙근류,2403,국화(스프레이),2403C0,에머럴드
숙근류,2403,국화(스프레이),2403C1,에머씨스트
숙근류,2403,국화(스프레이),2403C2,엘리자벳
숙근류,2403,국화(스프레이),2403C3,엘톤스
숙근류,2403,국화(스프레이),2403C4,여심
숙근류,2403,국화(스프레이),2403C5,여정
숙근류,2403,국화(스프레이),2403C6,연심
숙근류,2403,국화(스프레이),2403C7,영심
숙근류,2403,국화(스프레이),2403C8,옐로우킹
숙근류,2403,국화(스프레이),2403C9,옐로우푸마
숙근류,2403,국화(스프레이),2403CA,베니질라
숙근류,2403,국화(스프레이),2403CB,벤조
숙근류,2403,국화(스프레이),2403CC,보샬
숙근류,2403,국화(스프레이),2403CD,보은옥
숙근류,2403,국화(스프레이),2403CE,봉침
숙근류,2403,국화(스프레이),2403CF,부라보
숙근류,2403,국화(스프레이),2403CG,분이
숙근류,2403,국화(스프레이),2403CH,브론스키
숙근류,2403,국화(스프레이),2403CI,비브리오
숙근류,2403,국화(스프레이),2403CJ,비사이어
숙근류,2403,국화(스프레이),2403CK,빠라또
숙근류,2403,국화(스프레이),2403CL,빠렛트
숙근류,2403,국화(스프레이),2403CM,뿅뿅
숙근류,2403,국화(스프레이),2403CN,사바스
숙근류,2403,국화(스프레이),2403CO,사파이어
숙근류,2403,국화(스프레이),2403CP,산띠니스
숙근류,2403,국화(스프레이),2403CQ,삼화
숙근류,2403,국화(스프레이),2403CR,새댁
숙근류,2403,국화(스프레이),2403CS,새번
숙근류,2403,국화(스프레이),2403CT,샘
숙근류,2403,국화(스프레이),2403CU,샤로트
숙근류,2403,국화(스프레이),2403CV,석국
숙근류,2403,국화(스프레이),2403CW,설악
숙근류,2403,국화(스프레이),2403CX,설옥
숙근류,2403,국화(스프레이),2403CY,설유화
숙근류,2403,국화(스프레이),2403CZ,설항
숙근류,2403,국화(스프레이),2403D0,오란도
숙근류,2403,국화(스프레이),2403D1,오렌지새먼
숙근류,2403,국화(스프레이),2403D2,오렌지아모로
숙근류,2403,국화(스프레이),2403D3,웨스트랜드
숙근류,2403,국화(스프레이),2403D4,웰돈
숙근류,2403,국화(스프레이),2403D5,은파
숙근류,2403,국화(스프레이),2403D6,은하수
숙근류,2403,국화(스프레이),2403D7,이쁜이국화
숙근류,2403,국화(스프레이),2403D8,이소국
숙근류,2403,국화(스프레이),2403D9,이수옥
숙근류,2403,국화(스프레이),2403DA,설화
숙근류,2403,국화(스프레이),2403DB,세계정복
숙근류,2403,국화(스프레이),2403DC,세계제일
숙근류,2403,국화(스프레이),2403DD,세단나
숙근류,2403,국화(스프레이),2403DE,세이코
숙근류,2403,국화(스프레이),2403DF,스마일
숙근류,2403,국화(스프레이),2403DG,스박기
숙근류,2403,국화(스프레이),2403DH,스잔나
숙근류,2403,국화(스프레이),2403DI,스카라
숙근류,2403,국화(스프레이),2403DJ,스타
숙근류,2403,국화(스프레이),2403DK,힐러리화이트
숙근류,2403,국화(스프레이),2403DL,힐러이다크
숙근류,2403,국화(스프레이),2403DM,신데이
숙근류,2403,국화(스프레이),2403DN,신바이킹
숙근류,2403,국화(스프레이),2403DO,신보라
숙근류,2403,국화(스프레이),2403DP,신비
숙근류,2403,국화(스프레이),2403DQ,신설옥
숙근류,2403,국화(스프레이),2403DR,신소설
숙근류,2403,국화(스프레이),2403AI,디셈버
숙근류,2403,국화(스프레이),2403DS,신아르거스
숙근류,2403,국화(스프레이),2403DU,신정
숙근류,2403,국화(스프레이),2403DV,신천
숙근류,2403,국화(스프레이),2403DW,신천무
숙근류,2403,국화(스프레이),2403DX,실버
숙근류,2403,국화(스프레이),2403DY,실자주국
숙근류,2403,국화(스프레이),2403DZ,싸롱
숙근류,2403,국화(스프레이),2.40E+03,일국
숙근류,2403,국화(스프레이),2.40E+04,자두소국
숙근류,2403,국화(스프레이),2.40E+05,정복
숙근류,2403,국화(스프레이),2.40E+06,조춘
숙근류,2403,국화(스프레이),2.40E+07,초설
숙근류,2403,국화(스프레이),2.40E+08,춘일번
숙근류,2403,국화(스프레이),2.40E+09,카눌로
숙근류,2403,국화(스프레이),2.40E+10,카사
숙근류,2403,국화(스프레이),2.40E+11,코스모스킹
숙근류,2403,국화(스프레이),2.40E+12,코카드
숙근류,2403,국화(스프레이),2403EA,썬파워
숙근류,2403,국화(스프레이),2403EB,아끼보
숙근류,2403,국화(스프레이),2403EC,아띠끄
숙근류,2403,국화(스프레이),2403ED,아리안
숙근류,2403,국화(스프레이),2403EE,아스타
숙근류,2403,국화(스프레이),2403EF,아자니야
숙근류,2403,국화(스프레이),2403EG,아크리스
숙근류,2403,국화(스프레이),2403EH,아프리칸
숙근류,2403,국화(스프레이),2403EI,애니
숙근류,2403,국화(스프레이),2403EJ,애비타
숙근류,2403,국화(스프레이),2403EK,애정
숙근류,2403,국화(스프레이),2403EL,양귀비
숙근류,2403,국화(스프레이),2403EM,양평
숙근류,2403,국화(스프레이),2403EN,업데이트
숙근류,2403,국화(스프레이),2403EO,에모비스
숙근류,2403,국화(스프레이),2403EP,엔코옐로우
숙근류,2403,국화(스프레이),2403EQ,엘로우그린
숙근류,2403,국화(스프레이),2403ER,연단
숙근류,2403,국화(스프레이),2403ES,연적
숙근류,2403,국화(스프레이),2403ET,연점
숙근류,2403,국화(스프레이),2403EU,연초롱
숙근류,2403,국화(스프레이),2403EV,연황
숙근류,2403,국화(스프레이),2403EW,열정
숙근류,2403,국화(스프레이),2403EX,열풍
숙근류,2403,국화(스프레이),2403EY,옐로우크림
숙근류,2403,국화(스프레이),2403EZ,요쿠노
숙근류,2403,국화(스프레이),2403F0,크램볼
숙근류,2403,국화(스프레이),2403F1,클론다이크
숙근류,2403,국화(스프레이),2403F2,타게트
숙근류,2403,국화(스프레이),2403F3,타이거레거
숙근류,2403,국화(스프레이),2403F4,태극
숙근류,2403,국화(스프레이),2403F5,태양
숙근류,2403,국화(스프레이),2403F6,텔런트
숙근류,2403,국화(스프레이),2403F7,토끼소국
숙근류,2403,국화(스프레이),2403F8,파쇼더블
숙근류,2403,국화(스프레이),2403F9,파코
숙근류,2403,국화(스프레이),2403FA,우선국
숙근류,2403,국화(스프레이),2403FB,원구
숙근류,2403,국화(스프레이),2403FC,원바이킹
숙근류,2403,국화(스프레이),2403FD,월하
숙근류,2403,국화(스프레이),2403FE,웸블리
숙근류,2403,국화(스프레이),2403FF,윙고
숙근류,2403,국화(스프레이),2403FG,유로
숙근류,2403,국화(스프레이),2403FH,유로써니
숙근류,2403,국화(스프레이),2403FI,유리
숙근류,2403,국화(스프레이),2403FJ,유정
숙근류,2403,국화(스프레이),2403FK,유포
숙근류,2403,국화(스프레이),2403FL,은행
숙근류,2403,국화(스프레이),2403FM,이브
숙근류,2403,국화(스프레이),2403FN,이시스
숙근류,2403,국화(스프레이),2403FO,이조
숙근류,2403,국화(스프레이),2403FP,일백두
숙근류,2403,국화(스프레이),2403FQ,일월
숙근류,2403,국화(스프레이),2403FR,자두
숙근류,2403,국화(스프레이),2403FS,장미화
숙근류,2403,국화(스프레이),2403FT,적단
숙근류,2403,국화(스프레이),2403FU,적대국킹
숙근류,2403,국화(스프레이),2403FV,적퓨마
숙근류,2403,국화(스프레이),2403FW,정분
숙근류,2403,국화(스프레이),2403FX,제우스
숙근류,2403,국화(스프레이),2403FY,제일
숙근류,2403,국화(스프레이),2403FZ,제콜라인
숙근류,2403,국화(스프레이),2403G0,팔백소국
숙근류,2403,국화(스프레이),2403G1,폼폰
숙근류,2403,국화(스프레이),2403G2,푸마
숙근류,2403,국화(스프레이),2403G3,피어리스
숙근류,2403,국화(스프레이),2403G4,피카소
숙근류,2403,국화(스프레이),2403G5,핑크킹
숙근류,2403,국화(스프레이),2403G6,하수정
숙근류,2403,국화(스프레이),2403G7,하야대
숙근류,2403,국화(스프레이),2403G8,해설
숙근류,2403,국화(스프레이),2403G9,해피
숙근류,2403,국화(스프레이),2403GA,조이소국
숙근류,2403,국화(스프레이),2403GB,졸링크
숙근류,2403,국화(스프레이),2403GC,주니꼬
숙근류,2403,국화(스프레이),2403GD,지도새
숙근류,2403,국화(스프레이),2403GE,직녀
숙근류,2403,국화(스프레이),2403GF,진달래
숙근류,2403,국화(스프레이),2403GG,진미
숙근류,2403,국화(스프레이),2403GH,진부인
숙근류,2403,국화(스프레이),2403GI,진흥(소국)
숙근류,2403,국화(스프레이),2403GJ,참사랑
숙근류,2403,국화(스프레이),2403GK,참피온
숙근류,2403,국화(스프레이),2403GL,챠빈
숙근류,2403,국화(스프레이),2403GN,천사
숙근류,2403,국화(스프레이),2403GO,청분
숙근류,2403,국화(스프레이),2403GP,청색퓨마
숙근류,2403,국화(스프레이),2403GQ,청설
숙근류,2403,국화(스프레이),2403GR,청옥
숙근류,2403,국화(스프레이),2403GS,초롱
숙근류,2403,국화(스프레이),2403GT,춘설
숙근류,2403,국화(스프레이),2403GU,카미리오
숙근류,2403,국화(스프레이),2403GV,카베라국
숙근류,2403,국화(스프레이),2403GW,카빈
숙근류,2403,국화(스프레이),2403GX,카인바
숙근류,2403,국화(스프레이),2403GY,코르시아
숙근류,2403,국화(스프레이),2403GZ,코사이어
숙근류,2403,국화(스프레이),2403H0,향수소국
숙근류,2403,국화(스프레이),2403H1,허리케인
숙근류,2403,국화(스프레이),2403H2,헝거러브
숙근류,2403,국화(스프레이),2403H3,헤보
숙근류,2403,국화(스프레이),2403DT,신애자
숙근류,2403,국화(스프레이),2403H4,현정
숙근류,2403,국화(스프레이),2403H5,호돌이
숙근류,2403,국화(스프레이),2403H6,홀리데이
숙근류,2403,국화(스프레이),2403H8,홍단
숙근류,2403,국화(스프레이),2403H9,홍도
숙근류,2403,국화(스프레이),2403HA,콘싸인
숙근류,2403,국화(스프레이),2403HB,쿠프레인홍
숙근류,2403,국화(스프레이),2403HC,크라우리
숙근류,2403,국화(스프레이),2403HD,크로바
숙근류,2403,국화(스프레이),2403HE,크리스마스
숙근류,2403,국화(스프레이),2403HF,크림
숙근류,2403,국화(스프레이),2403HG,클리프
숙근류,2403,국화(스프레이),2403HH,터치
숙근류,2403,국화(스프레이),2403HI,테지하
숙근류,2403,국화(스프레이),2403HJ,텐션
숙근류,2403,국화(스프레이),2403HK,토래도
숙근류,2403,국화(스프레이),2403HL,토픽
숙근류,2403,국화(스프레이),2403HM,파랑퓨마
숙근류,2403,국화(스프레이),2403HN,파레트
숙근류,2403,국화(스프레이),2403HO,파시오
숙근류,2403,국화(스프레이),2403HP,판도라
숙근류,2403,국화(스프레이),2403HQ,팔황소국
숙근류,2403,국화(스프레이),2403HR,팟베
숙근류,2403,국화(스프레이),2403HS,퍼터컵
숙근류,2403,국화(스프레이),2403HT,포니
숙근류,2403,국화(스프레이),2403HU,포성
숙근류,2403,국화(스프레이),2403HV,풍단
숙근류,2403,국화(스프레이),2403HW,피지
숙근류,2403,국화(스프레이),2403HX,피치엔크림
숙근류,2403,국화(스프레이),2403HY,피카
숙근류,2403,국화(스프레이),2403HZ,핀쉬
숙근류,2403,국화(스프레이),2403I0,홍도매
숙근류,2403,국화(스프레이),2403I1,홍련
숙근류,2403,국화(스프레이),2403I2,홍매
숙근류,2403,국화(스프레이),2403I3,홍풍차
숙근류,2403,국화(스프레이),2403I4,화소정
숙근류,2403,국화(스프레이),2403I5,화이트킹
숙근류,2403,국화(스프레이),2403I6,화자
숙근류,2403,국화(스프레이),2403I7,화풍차
숙근류,2403,국화(스프레이),2403I8,황금
숙근류,2403,국화(스프레이),2403I9,황금소국
숙근류,2403,국화(스프레이),2403IA,핑크화천
숙근류,2403,국화(스프레이),2403IB,핑퐁
숙근류,2403,국화(스프레이),2403IC,학이장
숙근류,2403,국화(스프레이),2403ID,함박눈
숙근류,2403,국화(스프레이),2403IE,함백
숙근류,2403,국화(스프레이),2403IF,향로
숙근류,2403,국화(스프레이),2403IG,향수
숙근류,2403,국화(스프레이),2403IH,향연
숙근류,2403,국화(스프레이),2403II,헌터
숙근류,2403,국화(스프레이),2403IJ,헌팅부지
숙근류,2403,국화(스프레이),2403IK,형설
숙근류,2403,국화(스프레이),2403IL,혼합
숙근류,2403,국화(스프레이),2403IM,홀텐
숙근류,2403,국화(스프레이),2403IN,홈런
숙근류,2403,국화(스프레이),2403IO,홍공작
숙근류,2403,국화(스프레이),2403IP,홍국
숙근류,2403,국화(스프레이),2403IQ,홍소국
숙근류,2403,국화(스프레이),2403IR,홍옥
숙근류,2403,국화(스프레이),2403IS,홍풍
숙근류,2403,국화(스프레이),2403IT,화수정
숙근류,2403,국화(스프레이),2403IU,화스타
숙근류,2403,국화(스프레이),2403IV,화이트푸마
숙근류,2403,국화(스프레이),2403IW,화홍차
숙근류,2403,국화(스프레이),2403IX,환희
숙근류,2403,국화(스프레이),2403IY,황궁
숙근류,2403,국화(스프레이),2403IZ,황금박쥐
숙근류,2403,국화(스프레이),2403J0,황연심
숙근류,2403,국화(스프레이),2403J1,황태양
숙근류,2403,국화(스프레이),2403J2,황토끼
숙근류,2403,국화(스프레이),2403J3,훤글로우
숙근류,2403,국화(스프레이),2403J4,훤샤인
숙근류,2403,국화(스프레이),2403J5,희도매
숙근류,2403,국화(스프레이),2403J6,희망
숙근류,2403,국화(스프레이),2403J7,희정
숙근류,2403,국화(스프레이),2403J8,흰태극
숙근류,2403,국화(스프레이),2403J9,개벽
숙근류,2403,국화(스프레이),2403JA,황실
숙근류,2403,국화(스프레이),2403JB,황연
숙근류,2403,국화(스프레이),2403JC,황영
숙근류,2403,국화(스프레이),2403JD,황우
숙근류,2403,국화(스프레이),2403JE,황정
숙근류,2403,국화(스프레이),2403JF,황초설
숙근류,2403,국화(스프레이),2403JG,황태극
숙근류,2403,국화(스프레이),2403JH,황태자
숙근류,2403,국화(스프레이),2403JI,후로레
숙근류,2403,국화(스프레이),2403JJ,후리덤
숙근류,2403,국화(스프레이),2403JK,휘나리
숙근류,2403,국화(스프레이),2403JL,흰금이
숙근류,2403,국화(스프레이),2403JM,흰세설
숙근류,2403,국화(스프레이),2403JN,히라리오
숙근류,2403,국화(스프레이),2403JO,힐러리핑크
숙근류,2403,국화(스프레이),2403JP,사카라
숙근류,2403,국화(스프레이),2403JQ,옐로우소국
숙근류,2403,국화(스프레이),2403K0,갸스바
숙근류,2403,국화(스프레이),2403K1,계백
숙근류,2403,국화(스프레이),2403K2,골덴꾸리온
숙근류,2403,국화(스프레이),2403K3,그랜스
숙근류,2403,국화(스프레이),2403K4,그리스
숙근류,2403,국화(스프레이),2403K5,게리
숙근류,2403,국화(스프레이),2403K6,골덴
숙근류,2403,국화(스프레이),2403K7,금수
숙근류,2403,국화(스프레이),2403K8,금조
숙근류,2403,국화(스프레이),2403K9,금천
숙근류,2403,국화(스프레이),2403L0,금희
숙근류,2403,국화(스프레이),2403L1,광희황
숙근류,2403,국화(스프레이),2403L2,난시
숙근류,2403,국화(스프레이),2403L3,그랜드
숙근류,2403,국화(스프레이),2403L4,금단
숙근류,2403,국화(스프레이),2403L5,노소국
숙근류,2403,국화(스프레이),2403L6,노키
숙근류,2403,국화(스프레이),2403L7,눈보라
숙근류,2403,국화(스프레이),2403L8,금대신
숙근류,2403,국화(스프레이),2403L9,금수정
숙근류,2403,국화(스프레이),2403M0,도피
숙근류,2403,국화(스프레이),2403M1,동봉
숙근류,2403,국화(스프레이),2403M2,금이소국
숙근류,2403,국화(스프레이),2403M3,동서금
숙근류,2403,국화(스프레이),2403M4,동진황
숙근류,2403,국화(스프레이),2403M5,디퍼
숙근류,2403,국화(스프레이),2403M6,딜라일라
숙근류,2403,국화(스프레이),2403M7,라빈
숙근류,2403,국화(스프레이),2403M8,란환
숙근류,2403,국화(스프레이),2403H7,홍금
난류,2203,동양란,220375,금루각
난류,2203,동양란,220376,금봉금
난류,2203,동양란,220377,금산
난류,2203,동양란,220378,금오소
난류,2203,동양란,220379,금용
난류,2203,동양란,220380,금화산2(대만)
난류,2203,동양란,220381,금화산3(대만)
난류,2203,동양란,220382,금화소
난류,2203,동양란,220383,금화소 엽물
난류,2203,동양란,220384,기린환
난류,2203,동양란,220385,기주설호
난류,2203,동양란,220386,단엽
난류,2203,동양란,220387,달마
난류,2203,동양란,220388,달마백조
난류,2203,동양란,220389,달마백조복륜
난류,2203,동양란,220390,대관
난류,2203,동양란,220391,대대복
난류,2203,동양란,220392,대동사계
난류,2203,동양란,220393,대동양
난류,2203,동양란,220394,대둔기린
난류,2203,동양란,220395,대둔소심 삼
난류,2203,동양란,220396,대명보세2(대만)
난류,2203,동양란,220397,대명보세3(대만)
난류,2203,동양란,220398,대붕1
난류,2203,동양란,220399,대양
난류,2203,동양란,2203A0,대엽풍란 석부작
난류,2203,동양란,2203A1,대엽풍란 엽물
난류,2203,동양란,2203A2,대왕사계
난류,2203,동양란,2203A3,대응환
난류,2203,동양란,2203A4,대화금
난류,2203,동양란,2203A5,대훈호
난류,2203,동양란,2203A6,도봉
난류,2203,동양란,2203A7,도화
난류,2203,동양란,2203A8,도희
난류,2203,동양란,2203A9,마린카타
난류,2203,동양란,2203B0,만대복
난류,2203,동양란,2203B1,망강
난류,2203,동양란,2203B2,명옥
난류,2203,동양란,2203B3,목부작(소엽)
난류,2203,동양란,2203B4,몽암소심1
난류,2203,동양란,2203B5,미니아톰 1
난류,2203,동양란,2203B6,미스타이페이
난류,2203,동양란,2203B7,박쥐란
난류,2203,동양란,2203B8,백하/과응
난류,2203,동양란,2203B9,보리난
난류,2203,동양란,2203C0,보산
난류,2203,동양란,2203C1,봉황
난류,2203,동양란,2203C2,봉황엽물
난류,2203,동양란,2203C3,부악
난류,2203,동양란,2203C4,산천보세2(대만)
난류,2203,동양란,2203C5,산천보세3(대만)
난류,2203,동양란,2203C6,살마금
난류,2203,동양란,2203C7,서보
난류,2203,동양란,2203C8,서산
난류,2203,동양란,2203C9,서옥
난류,2203,동양란,2203D0,석곡
난류,2203,동양란,2203D1,석문
난류,2203,동양란,2203D2,석부작(대엽)
난류,2203,동양란,2203D3,석부작(소엽)
난류,2203,동양란,2203D4,설경
난류,2203,동양란,2203D5,설백조
난류,2203,동양란,2203D6,설칠화
난류,2203,동양란,2203D7,세계지도
난류,2203,동양란,2203D8,세엽보세
난류,2203,동양란,2203D9,소대
난류,2203,동양란,2.20E+03,소심
난류,2203,동양란,2.20E+04,소앵무
난류,2203,동양란,2.20E+05,소양묵
난류,2203,동양란,2.20E+06,소엽단엽
난류,2203,동양란,2.20E+07,소환
난류,2203,동양란,2.20E+08,속화
난류,2203,동양란,2.20E+09,신양
난류,2203,동양란,2.20E+10,양명금
난류,2203,동양란,2.20E+11,어간소심
난류,2203,동양란,2.20E+12,오자취
난류,2203,동양란,2203F0,옥사자
난류,2203,동양란,2203F1,옥화 엽물
난류,2203,동양란,2203F2,옥화(대만)
난류,2203,동양란,2203F3,옥황
난류,2203,동양란,2203F4,용각
난류,2203,동양란,2203F5,율백소심
난류,2203,동양란,2203F6,은룡
난류,2203,동양란,2203F7,은변
난류,2203,동양란,2203F8,은설
난류,2203,동양란,2203F9,이세왜계
난류,2203,동양란,2203G0,입대붕
난류,2203,동양란,2203G1,잔묵
난류,2203,동양란,2203G2,장생란
난류,2203,동양란,2203G3,적암소심
난류,2203,동양란,2203G4,정지송
난류,2203,동양란,2203G5,중국보세
난류,2203,동양란,2203G6,중국옥화
난류,2203,동양란,2203G7,채홍
난류,2203,동양란,2203G8,천일소
난류,2203,동양란,2203G9,천초일진
난류,2203,동양란,2203H0,철골교학
난류,2203,동양란,2203H1,청양
난류,2203,동양란,2203H2,청옥환
난류,2203,동양란,2203H3,춘록구화
난류,2203,동양란,2203H4,취보
난류,2203,동양란,2203H5,콩란
난류,2203,동양란,2203H6,태양
난류,2203,동양란,2203H7,태평양
난류,2203,동양란,2203H8,토부작
난류,2203,동양란,2203H9,트윈퀸
난류,2203,동양란,2203I0,풍월
난류,2203,동양란,2203I1,하일향수
난류,2203,동양란,2203I2,혜란
난류,2203,동양란,2203I3,혼합
난류,2203,동양란,2203I4,홍로
난류,2203,동양란,2203I5,홍소정
난류,2203,동양란,2203I6,황금소심
난류,2203,동양란,2203I7,황금환
난류,2203,동양란,2203I8,황소정
난류,2203,동양란,2203ZZ,기타
난류,2204,마스데발리야,220401,마스데발리야(일반)
난류,2204,마스데발리야,220402,코크씨네다
난류,2204,마스데발리야,220403,콕시니아
난류,2204,마스데발리야,220404,하이랜드
난류,2205,밀토니야,220501,밀토니야(일반)
난류,2205,밀토니야,220502,밀토니야백색
난류,2205,밀토니야,220503,적색
난류,2205,밀토니야,220504,적색6
난류,2205,밀토니야,220505,적색8
난류,2205,밀토니야,220506,적색9
난류,2205,밀토니야,220507,핑크
난류,2206,반다,220601,반다(일반)
난류,2206,반다,220602,이즈미
난류,2206,반다,220603,오다
난류,2206,반다,220604,센데라나
난류,2206,반다,220605,사타
난류,2206,반다,220606,데니소니아나
난류,2206,반다,220607,세르레센스
난류,2206,반다,220608,오야마자키
난류,2206,반다,220609,린코스틸스
난류,2206,반다,220610,앰플라세움
난류,2206,반다,220611,커비포리움
난류,2206,반다,220612,팬시걸
난류,2206,반다,220613,메다아놀드
난류,2206,반다,220614,윌라스
난류,2206,반다,220615,반다 미니종
난류,2206,반다,220616,아란다
난류,2206,반다,220617,목화라골드
난류,2206,반다,220618,반다블루
난류,2207,심비디움,220701,골든게이트
난류,2207,심비디움,220702,골든칼라
난류,2207,심비디움,220703,골든힐
난류,2207,심비디움,220704,그린샤워
난류,2207,심비디움,220705,뉴야스꼬지
난류,2203,동양란,220374,금강환
난류,2207,심비디움,220707,도요
난류,2207,심비디움,220708,듀엣송
난류,2207,심비디움,220709,라핀덴서
난류,2207,심비디움,220710,라핀랑데뷰
난류,2207,심비디움,220711,라핀로즈
난류,2207,심비디움,220712,라핀팔래스
난류,2207,심비디움,220713,라핀헷
난류,2207,심비디움,220714,랑데뷰
난류,2207,심비디움,220715,러브골
난류,2207,심비디움,220716,로마니스
난류,2207,심비디움,220717,마릴린먼로
난류,2207,심비디움,220718,마사꼬
난류,2207,심비디움,220719,마운드쿡
난류,2207,심비디움,220720,모나미
난류,2207,심비디움,220721,무꼬야마
난류,2207,심비디움,220722,문비너스
난류,2207,심비디움,220723,뮤직박서댄서
난류,2207,심비디움,220724,미니사라주리앙
난류,2207,심비디움,220725,미니샤라진향
난류,2207,심비디움,220726,미스타이페이
난류,2207,심비디움,220727,미에로미미
난류,2207,심비디움,220728,미즈노마루
난류,2207,심비디움,220729,미트먼트
난류,2207,심비디움,220730,바레플라워
난류,2207,심비디움,220731,발레리나
난류,2207,심비디움,220732,백운
난류,2207,심비디움,220733,버들스타
난류,2207,심비디움,220734,버터플라워
난류,2207,심비디움,220735,베르샤이유
난류,2207,심비디움,220736,베리플라워
난류,2207,심비디움,220737,브라스타
난류,2207,심비디움,220738,브리지토바르도
난류,2207,심비디움,220739,브리탈스타
난류,2207,심비디움,220740,사까다
난류,2207,심비디움,220741,사라진
난류,2207,심비디움,220742,세인트라핀
난류,2207,심비디움,220743,소피아
난류,2207,심비디움,220744,실키
난류,2207,심비디움,220745,써니문
난류,2207,심비디움,220746,썬더스트
난류,2207,심비디움,220747,썸머킹
난류,2207,심비디움,220748,썸머퍼퓨움
난류,2207,심비디움,220749,썸머프리젠트
난류,2207,심비디움,220750,아나사
난류,2207,심비디움,220751,아리스크나
난류,2207,심비디움,220752,아미세미
난류,2207,심비디움,220753,아미쉬
난류,2207,심비디움,220754,아사꼬
난류,2207,심비디움,220755,아야꼬다나까
난류,2207,심비디움,220756,아이찌배
난류,2207,심비디움,220757,아케모노
난류,2207,심비디움,220758,안미츠히메
난류,2207,심비디움,220759,야스꼬지
난류,2207,심비디움,220760,에바월터
난류,2207,심비디움,220761,에이코
난류,2207,심비디움,220762,엑셀마리나
난류,2207,심비디움,220763,엑셀마리안스
난류,2207,심비디움,220764,엑스틴라이트
난류,2207,심비디움,220765,엑쎌아무르
난류,2207,심비디움,220766,엘리스
난류,2207,심비디움,220767,옐로우매직
난류,2207,심비디움,220768,오도리꼬
난류,2207,심비디움,220769,오리엔탈뷰티
난류,2207,심비디움,220770,올리비아
난류,2207,심비디움,220771,장군
난류,2207,심비디움,220772,제라시
난류,2207,심비디움,220773,조이너스
난류,2207,심비디움,220774,체리엔젤
난류,2207,심비디움,220775,첼리라이프
난류,2207,심비디움,220776,칠리
난류,2207,심비디움,220777,캐니와인칼라
난류,2207,심비디움,220778,코튼클럽
난류,2207,심비디움,220779,크리스탈체리엔젤
난류,2207,심비디움,220780,킹하사
난류,2207,심비디움,220781,트로피칼옐로우
난류,2207,심비디움,220782,파레플라워
난류,2207,심비디움,220783,포라스타
난류,2207,심비디움,220784,포리안나
난류,2207,심비디움,220785,폴리렌스나나
난류,2207,심비디움,220786,플러쉬
난류,2207,심비디움,220787,피라이탈스타
난류,2207,심비디움,220788,피스
난류,2207,심비디움,220789,피아니스트
난류,2207,심비디움,220790,하브톤
난류,2207,심비디움,220791,햇피론
난류,2207,심비디움,220792,허스키허니
난류,2207,심비디움,220793,화이트엑셀
난류,2207,심비디움,220794,고이히메
난류,2207,심비디움,220795,구레이트아미슈
난류,2207,심비디움,220796,귀부인
난류,2207,심비디움,220797,그레이스케리
난류,2207,심비디움,220798,그레이트마미슈
난류,2207,심비디움,220799,그레이트아미슈
난류,2207,심비디움,2207A0,그레이트왈츠
난류,2207,심비디움,2207A1,그레이트플라워
난류,2207,심비디움,2207A2,나이스데이
난류,2207,심비디움,2207A3,나폴레옹
난류,2207,심비디움,2207A4,뉴레인
난류,2207,심비디움,2207A5,뉴질랜드
난류,2207,심비디움,2207A6,뉴질랜드101
난류,2207,심비디움,2207A7,다가라지가
난류,2207,심비디움,2207A8,다까라지까
난류,2207,심비디움,2207A9,다크핑크
난류,2207,심비디움,2207AA,1350-2
난류,2207,심비디움,2207AB,1350-21
난류,2207,심비디움,2207AC,1350-34
난류,2207,심비디움,2207AD,1356-1
난류,2207,심비디움,2207AE,269
난류,2207,심비디움,2207AF,947-40
난류,2207,심비디움,2207AG,B.B
난류,2207,심비디움,2207AH,KR550
난류,2207,심비디움,2207AI,KR551
난류,2207,심비디움,2207AJ,MK
난류,2207,심비디움,2207AK,MK-1
난류,2207,심비디움,2207AL,MK-1350
난류,2207,심비디움,2207AM,MK-2
난류,2207,심비디움,2207AN,MK-4
난류,2207,심비디움,2207AO,MK-5
난류,2207,심비디움,2207AP,MSAT
난류,2207,심비디움,2207AQ,NO1227
난류,2207,심비디움,2207AR,NO1300
난류,2207,심비디움,2207AS,NO1350-2
난류,2207,심비디움,2207AT,NO137816
난류,2207,심비디움,2207AU,NO256
난류,2207,심비디움,2207AV,NO303
난류,2207,심비디움,2207AW,NO3031
난류,2207,심비디움,2207AX,NO9601
난류,2207,심비디움,2207AY,PM11
난류,2207,심비디움,2207AZ,WPPF
난류,2207,심비디움,2207B0,대륜
난류,2207,심비디움,2207B1,도끼메끼
난류,2207,심비디움,2207B2,동하란
난류,2207,심비디움,2207B3,디와이
난류,2207,심비디움,2207B4,라라로즈
난류,2207,심비디움,2207B5,라피네로즈
난류,2207,심비디움,2207B6,라피네마리
난류,2207,심비디움,2207B7,라피네조이너스
난류,2207,심비디움,2207B8,라핀라임
난류,2207,심비디움,220706,도스페블로스
난류,2207,심비디움,2207C0,라핀마리
난류,2207,심비디움,2207C1,라핀보이
난류,2207,심비디움,2207C2,라핀스마일
난류,2207,심비디움,2207C3,라핀스타
난류,2207,심비디움,2207C4,라핀조이너스
난류,2207,심비디움,2207C5,라핀컬
난류,2207,심비디움,2207C6,라핀포니
난류,2207,심비디움,2207C7,라핀하트
난류,2207,심비디움,2207C8,란체리
난류,2207,심비디움,2207C9,러브레이디
난류,2207,심비디움,2207D0,러브리문
난류,2207,심비디움,2207D1,러브리엔젤
난류,2207,심비디움,2207D2,럭키레인보우
난류,2207,심비디움,2207D3,레드엔젤
난류,2207,심비디움,2207D4,레드허스키
난류,2207,심비디움,2207D5,레몬샤베트
난류,2207,심비디움,2207D6,레베카
난류,2207,심비디움,2207D7,레오드그란
난류,2207,심비디움,2207D8,레이디
난류,2207,심비디움,2207D9,렌싱
난류,2207,심비디움,2207DT,융플라워
난류,2207,심비디움,2.21E+03,로네뜨
난류,2207,심비디움,2.21E+04,로망스
난류,2207,심비디움,2.21E+05,로미오
난류,2207,심비디움,2.21E+06,로잔나
난류,2207,심비디움,2.21E+07,로저와인멜로디
난류,2207,심비디움,2.21E+08,로즈나나
난류,2207,심비디움,2.21E+09,로즈마리
난류,2207,심비디움,2.21E+10,로즈베리
난류,2207,심비디움,2.21E+11,로즈와인멜로
난류,2207,심비디움,2.21E+12,루나그라드
난류,2207,심비디움,2207F0,루네트
난류,2207,심비디움,2207F1,루미
난류,2207,심비디움,2207F2,루비아트
난류,2207,심비디움,2207F3,리아니
난류,2207,심비디움,2207F4,리트먼트
난류,2207,심비디움,2207F5,마니스
난류,2207,심비디움,2207F6,마돈나
난류,2207,심비디움,2207F7,마리
난류,2207,심비디움,2207F8,마리꼬
난류,2207,심비디움,2207F9,마리로란산
난류,2207,심비디움,2207G0,마리안느
난류,2207,심비디움,2207G1,마리햇
난류,2207,심비디움,2207G2,마이루도
난류,2207,심비디움,2207G3,마일드
난류,2207,심비디움,2207G4,마일로
난류,2207,심비디움,2207G5,마지
난류,2207,심비디움,2207G6,메르핀체스
난류,2207,심비디움,2207G7,메모리
난류,2207,심비디움,2207G8,메이크업
난류,2207,심비디움,2207G9,멜로디페어
난류,2207,심비디움,2207H0,멜리핀체스
난류,2207,심비디움,2207H1,모닝스타
난류,2207,심비디움,2207H2,무명
난류,2207,심비디움,2207H3,문라이트
난류,2207,심비디움,2207H4,뮤직랜드
난류,2207,심비디움,2207H5,미니드럼
난류,2207,심비디움,2207H6,미니드럼골든칼라
난류,2207,심비디움,2207H7,미니실키
난류,2207,심비디움,2207H8,미셜
난류,2207,심비디움,2207H9,미스김
난류,2207,심비디움,2207HT,허스키
난류,2207,심비디움,2207I0,미스테이크
난류,2207,심비디움,2207I1,미쯔고
난류,2207,심비디움,2207I2,미첼
난류,2207,심비디움,2207I3,밀레펠레
난류,2207,심비디움,2207I4,바나나보트
난류,2207,심비디움,2207I5,바나나포드
난류,2207,심비디움,2207I6,바바로즈
난류,2207,심비디움,2207I7,바이오신데렐라
난류,2207,심비디움,2207I8,발렌타인
난류,2207,심비디움,2207I9,발키스
난류,2207,심비디움,2207J0,백번
난류,2207,심비디움,2207J1,백설공주
난류,2207,심비디움,2207J2,백진주
난류,2207,심비디움,2207J3,버터블
난류,2207,심비디움,2207J4,복삼홀리데이
난류,2207,심비디움,2207J5,브라시아스타워즈
난류,2207,심비디움,2207J6,블포스트레더
난류,2207,심비디움,2207J7,비너스
난류,2207,심비디움,2207J8,빅-7
난류,2207,심비디움,2207J9,빅토리아
난류,2207,심비디움,2207K0,빌키스
난류,2207,심비디움,2207K1,빨간꽃3
난류,2207,심비디움,2207K2,빼빼다요고
난류,2207,심비디움,2207K3,뻬에타
난류,2207,심비디움,2207K4,사가이그랜드
난류,2207,심비디움,2207K5,사야
난류,2207,심비디움,2207K6,사운오브뮤직
난류,2207,심비디움,2207K7,샤넬
난류,2207,심비디움,2207K8,샤라진리향
난류,2207,심비디움,2207K9,샤르망
난류,2207,심비디움,2207L0,샤리로망스
난류,2207,심비디움,2207L1,샤베트
난류,2207,심비디움,2207L2,샤야
난류,2207,심비디움,2207L3,석세스다운
난류,2207,심비디움,2207L4,세일러문
난류,2207,심비디움,2207L5,솔로몬
난류,2207,심비디움,2207L6,쇼군사미트
난류,2207,심비디움,2207L7,쇼피아
난류,2207,심비디움,2207L8,쉬리
난류,2207,심비디움,2207L9,슈레인
난류,2207,심비디움,2207M0,슈퍼레이디
난류,2207,심비디움,2207M1,스노우드럼
난류,2207,심비디움,2207M2,스노우버드
난류,2207,심비디움,2207M3,스노우알바
난류,2207,심비디움,2207M4,스노우핑크
난류,2207,심비디움,2207M5,스마일
난류,2207,심비디움,2207M6,스위트러브
난류,2207,심비디움,2207M7,스위트메모리
난류,2207,심비디움,2207M8,스카이먼트파티
난류,2207,심비디움,2207M9,스칼렛
난류,2207,심비디움,2207N0,스타워즈
난류,2207,심비디움,2207N1,스프링덴서
난류,2207,심비디움,2207N2,시라게즈
난류,2207,심비디움,2207N3,신데렐라
난류,2207,심비디움,2207N4,신세기
난류,2207,심비디움,2207N5,실루엣
난류,2207,심비디움,2207N6,실크리본
난류,2207,심비디움,2207N7,심비디움리트먼트
난류,2207,심비디움,2207N8,싼타바바라
난류,2207,심비디움,2207N9,썩세스다운
난류,2207,심비디움,2207O0,썩세스코트
난류,2207,심비디움,2207O1,썩세스피트코스
난류,2207,심비디움,2207O2,썬라이트
난류,2207,심비디움,2207O3,썸머퀸
난류,2207,심비디움,2207O4,아게보노
난류,2207,심비디움,2207O5,아들레이드
난류,2207,심비디움,2207O6,아리랑킹
난류,2207,심비디움,2207O7,아이시스프리쎄스
난류,2207,심비디움,2207O8,아이즈프렌스
난류,2207,심비디움,2207O9,아키바
난류,2207,심비디움,2207P0,어땜킹
난류,2207,심비디움,2207P1,에이원
난류,2207,심비디움,2207P2,에폴티
난류,2207,심비디움,2207P3,엘레강스
난류,2207,심비디움,2207P4,엘리자베스테일러
난류,2207,심비디움,2207B9,라핀릴리
난류,2207,심비디움,2207P6,옐로우너겟
난류,2207,심비디움,2207P7,옐로우쁘띠뜨
난류,2207,심비디움,2207P8,옐로우심플
난류,2207,심비디움,2207P9,옐리
난류,2207,심비디움,2207Q0,오노몬로
난류,2207,심비디움,2207Q1,오도매
난류,2207,심비디움,2207Q2,오리엔탈
난류,2207,심비디움,2207Q3,오리엔탈퀸
난류,2207,심비디움,2207Q4,오리엔탈킹
난류,2207,심비디움,2207Q5,오키
난류,2207,심비디움,2207Q6,오톰킹
난류,2207,심비디움,2207Q7,올스타
난류,2207,심비디움,2207Q8,올스타로즈
난류,2207,심비디움,2207Q9,올스타마리안
난류,2207,심비디움,2207R0,와일드로즈
난류,2207,심비디움,2207R1,왈츠로망스
난류,2207,심비디움,2207R2,왈츠아이돌
난류,2207,심비디움,2207R3,외발브
난류,2207,심비디움,2207R4,요소이
난류,2207,심비디움,2207R5,우라라
난류,2207,심비디움,2207R6,워텀킹
난류,2207,심비디움,2207R7,워텀킹심비
난류,2207,심비디움,2207R8,월터라이팅
난류,2207,심비디움,2207R9,유럽
난류,2207,심비디움,2207S0,유어쿨
난류,2207,심비디움,2207S1,유토피아심비
난류,2207,심비디움,2207S3,이나사
난류,2207,심비디움,2207S4,이르미
난류,2207,심비디움,2207S5,이브닝스타
난류,2207,심비디움,2207S6,이티
난류,2207,심비디움,2207S7,인더무드
난류,2207,심비디움,2207S8,자장가
난류,2207,심비디움,2207S9,잭프로스트
난류,2207,심비디움,2207T0,젠틸에니
난류,2207,심비디움,2207T1,젠틸페파민트
난류,2207,심비디움,2207T2,젤리빈스
난류,2207,심비디움,2207T3,줄리앙
난류,2207,심비디움,2207T4,줄리엣
난류,2207,심비디움,2207T5,참스타로망스
난류,2207,심비디움,2207T6,카멜레온골드
난류,2207,심비디움,2207T7,카우보이
난류,2207,심비디움,2207T8,카트리나
난류,2207,심비디움,2207T9,카페데리아
난류,2207,심비디움,2207U0,캐서린몬로
난류,2207,심비디움,2207U1,크리센트
난류,2207,심비디움,2207U2,크리스마스로스
난류,2207,심비디움,2207U3,크리스케리
난류,2207,심비디움,2207U4,크리스탈체리
난류,2207,심비디움,2207U5,크린세스
난류,2207,심비디움,2207U6,클레오파트라심비
난류,2207,심비디움,2207U7,타이거
난류,2207,심비디움,2207U8,톰샴
난류,2207,심비디움,2207U9,투버진
난류,2207,심비디움,2207V0,튜엣송
난류,2207,심비디움,2207V1,파레스
난류,2207,심비디움,2207V2,파르자세
난류,2207,심비디움,2207V3,파벌리오
난류,2207,심비디움,2207V4,파스트럴실비
난류,2207,심비디움,2207V5,파필래오
난류,2207,심비디움,2207V6,팔라스
난류,2207,심비디움,2207V7,팔레스코트
난류,2207,심비디움,2207V8,퍼지칼라
난류,2207,심비디움,2207V9,퍼치칼라7
난류,2207,심비디움,2207W0,퍼펙트루즈
난류,2207,심비디움,2207W1,페가수스심비
난류,2207,심비디움,2207W2,페트락
난류,2207,심비디움,2207W3,페파민트
난류,2207,심비디움,2207W4,폐스트롤레이디
난류,2207,심비디움,2207W5,포토페어
난류,2207,심비디움,2207W6,퓨어걸
난류,2207,심비디움,2207W7,퓨어레몬
난류,2207,심비디움,2207W8,프로랜스나나
난류,2207,심비디움,2207W9,프로렌스안나
난류,2207,심비디움,2207X0,프리세스기꼬
난류,2207,심비디움,2207X1,프리존트
난류,2207,심비디움,2207X2,프리티컬마리안
난류,2207,심비디움,2207X3,프린세스아이시스
난류,2207,심비디움,2207X4,피에타
난류,2207,심비디움,2207X5,피티코스
난류,2207,심비디움,2207X6,핑크베일러브
난류,2207,심비디움,2207X7,핑크샤워
난류,2207,심비디움,2207X8,핑크임펠라
난류,2207,심비디움,2207X9,하나꼬
난류,2207,심비디움,2207Y0,하라꼬
난류,2207,심비디움,2207Y1,해피프레즌트
난류,2207,심비디움,2207Y2,햇피졸
난류,2207,심비디움,2207Y3,행복의신
난류,2207,심비디움,2207Y4,허니문
난류,2207,심비디움,2207Y5,허니문옐로우
난류,2207,심비디움,2207Y6,허브
난류,2207,심비디움,2207Y7,헤메가
난류,2207,심비디움,2207Y8,헤몬뷰티
난류,2207,심비디움,2207Y9,혼합
난류,2207,심비디움,2207Z0,화브톤
난류,2207,심비디움,2207Z1,화이트포니
난류,2207,심비디움,2207Z2,환타지
난류,2207,심비디움,2207Z3,후라라쉬
난류,2207,심비디움,2207Z4,히로인
난류,2207,심비디움,2207Z5,히미꼬
난류,2207,심비디움,2207Z6,1025-1
난류,2207,심비디움,2207Z7,1213-1
난류,2207,심비디움,2207Z8,1214
난류,2207,심비디움,2207Z9,1300
난류,2207,심비디움,2207ZZ,기타
난류,2208,앙그레컴,220801,앙그레컴
난류,2209,온시디움,220901,골드스타
난류,2209,온시디움,220902,골디아나
난류,2209,온시디움,220903,과아램씨
난류,2209,온시디움,220904,다카
난류,2209,온시디움,220905,밀키웨이
난류,2209,온시디움,220906,샤리베이비
난류,2209,온시디움,220907,스위트슈가
난류,2209,온시디움,220908,스위트지나
난류,2209,온시디움,220909,스타워즈
난류,2209,온시디움,220910,알로하
난류,2209,온시디움,220911,알로하이와나가
난류,2209,온시디움,220912,포베시
난류,2209,온시디움,220913,피엠지
난류,2209,온시디움,220914,환타지
난류,2209,온시디움,220915,후렉시옥썸
난류,2209,온시디움,220916,갈라비레드카라
난류,2209,온시디움,220917,골덴바프로
난류,2209,온시디움,220918,골드버그
난류,2209,온시디움,220919,골든스카이
난류,2209,온시디움,220920,끼꾸야
난류,2209,온시디움,220921,남사이다카
난류,2209,온시디움,220922,뉴사리베이비
난류,2209,온시디움,220923,다이아몬드
난류,2209,온시디움,220924,다이아몬드스타
난류,2209,온시디움,220925,다이아몬드퀸
난류,2209,온시디움,220926,랑세아넘
난류,2209,온시디움,220927,레드뷰티
난류,2209,온시디움,220928,루비돌
난류,2209,온시디움,220929,류코칠럼
난류,2209,온시디움,220930,리틀엔젤
난류,2209,온시디움,220931,마클레텀
난류,2207,심비디움,2207P5,영광
난류,2209,온시디움,220933,미니온시디움
난류,2209,온시디움,220934,미니케이로
난류,2209,온시디움,220935,미라올하이렌드
난류,2209,온시디움,220936,바버렛
난류,2209,온시디움,220937,백만불
난류,2209,온시디움,220938,볼케이노퀸
난류,2209,온시디움,220939,비키노퀸2
난류,2209,온시디움,220940,사르코데스
난류,2209,온시디움,220941,샤리
난류,2209,온시디움,220942,쉘브륵
난류,2209,온시디움,220943,스노우버드
난류,2209,온시디움,220944,스타포티아남
난류,2209,온시디움,220945,스파세라텀
난류,2209,온시디움,220946,쌈바
난류,2209,온시디움,220947,썸라이후호
난류,2209,온시디움,220948,안토크레네
난류,2209,온시디움,220949,앙드레캄
난류,2209,온시디움,220950,앰플리어텀
난류,2209,온시디움,220951,옐로우킹
난류,2209,온시디움,220952,오리엔탈
난류,2209,온시디움,220953,오브리자텀
난류,2209,온시디움,220954,와일드캣츠
난류,2209,온시디움,220955,임페라
난류,2209,온시디움,220956,차랭씨골드
난류,2209,온시디움,220957,차코베타
난류,2209,온시디움,220958,캄브라시아
난류,2209,온시디움,220959,케이로포럼
난류,2209,온시디움,220960,콜마나라스타워즈
난류,2209,온시디움,220961,클로램시1
난류,2209,온시디움,220962,타이
난류,2209,온시디움,220963,트윈클
난류,2209,온시디움,220964,파피오
난류,2209,온시디움,220965,팔로로골드아끼꼬
난류,2209,온시디움,220966,풀럭섬
난류,2209,온시디움,220967,프리티레이디
난류,2209,온시디움,220968,하와이싼로스
난류,2209,온시디움,220969,혼합
난류,2209,온시디움,220970,화산화왕
난류,2209,온시디움,2209ZZ,기타
난류,2210,카틀레야,221001,미니카틀레야
난류,2210,카틀레야,221002,베이비인랜드
난류,2210,카틀레야,221003,이노센스
난류,2210,카틀레야,221004,터치오브클래스
난류,2210,카틀레야,221005,나나에
난류,2210,카틀레야,221006,낸시
난류,2210,카틀레야,221007,노스파크
난류,2210,카틀레야,221008,느노우캡
난류,2210,카틀레야,221009,다나앤더슨
난류,2210,카틀레야,221010,더프레지던트
난류,2210,카틀레야,221011,라비아타앨바
난류,2210,카틀레야,221012,레오니스
난류,2210,카틀레야,221013,로렌세아나
난류,2210,카틀레야,221014,로스
난류,2210,카틀레야,221015,링크
난류,2210,카틀레야,221016,마리송구
난류,2210,카틀레야,221017,마운틴후지
난류,2210,카틀레야,221018,매그니피센트
난류,2210,카틀레야,221019,미니퍼플
난류,2210,카틀레야,221020,스프랜디패러스
난류,2210,카틀레야,221021,스프렌다
난류,2210,카틀레야,221022,썬플라워
난류,2210,카틀레야,221023,아이른홀귄
난류,2210,카틀레야,221024,애디든
난류,2210,카틀레야,221025,어프리컷글로우
난류,2210,카틀레야,221026,오키드허스트
난류,2210,카틀레야,221027,와사치
난류,2210,카틀레야,221028,트라이엄프
난류,2210,카틀레야,221029,파라다이스
난류,2210,카틀레야,221030,포티아세르레아
난류,2210,카틀레야,221031,헤리티지
난류,2210,카틀레야,221032,혼합
난류,2210,카틀레야,221033,히페리온
난류,2210,카틀레야,221034,s/s 1
난류,2210,카틀레야,2210ZZ,기타
난류,2211,파피오페딜리움,221101,베라치타
난류,2211,파피오페딜리움,221102,고모이
난류,2211,파피오페딜리움,221103,골드모어
난류,2211,파피오페딜리움,221104,델타나리
난류,2211,파피오페딜리움,221105,도코
난류,2211,파피오페딜리움,221106,레몬하트
난류,2211,파피오페딜리움,221107,레오파드
난류,2211,파피오페딜리움,221108,레젠시
난류,2211,파피오페딜리움,221109,리미아눔
난류,2211,파피오페딜리움,221110,마카게
난류,2211,파피오페딜리움,221111,메리앤A-1
난류,2211,파피오페딜리움,221112,모델
난류,2211,파피오페딜리움,221113,모디에
난류,2211,파피오페딜리움,221114,바바툼
난류,2211,파피오페딜리움,221115,뱅가드
난류,2211,파피오페딜리움,221116,베고니아
난류,2211,파피오페딜리움,221117,빌로섬
난류,2211,파피오페딜리움,221118,사우스폴
난류,2211,파피오페딜리움,221119,시스리
난류,2211,파피오페딜리움,221120,알세아
난류,2211,파피오페딜리움,221121,알파
난류,2211,파피오페딜리움,221122,자가
난류,2211,파피오페딜리움,221123,조리그린S.S.
난류,2211,파피오페딜리움,221124,차임스
난류,2211,파피오페딜리움,221125,칠톤
난류,2211,파피오페딜리움,221126,카라지시
난류,2211,파피오페딜리움,221127,클로썸
난류,2211,파피오페딜리움,221128,토마린
난류,2211,파피오페딜리움,221129,파프라텀
난류,2211,파피오페딜리움,221130,파피오
난류,2211,파피오페딜리움,221131,퍼들
난류,2211,파피오페딜리움,221132,퓨리티
난류,2211,파피오페딜리움,2211ZZ,기타
난류,2212,팔레높시스,221201,다크핑크
난류,2212,팔레높시스,221202,도리테스
난류,2212,팔레높시스,221203,라이트핑크
난류,2212,팔레높시스,221204,레드립스트라이프
난류,2212,팔레높시스,221205,미니다크핑크
난류,2212,팔레높시스,221206,미니스트라이프
난류,2212,팔레높시스,221207,미니옐로우
난류,2212,팔레높시스,221208,미니핑크
난류,2212,팔레높시스,221209,미니핑크스트라이
난류,2212,팔레높시스,221210,미니화이트
난류,2212,팔레높시스,221211,스트라이프뉴월드
난류,2212,팔레높시스,221212,옐로우대형
난류,2212,팔레높시스,221213,핑크 스트라이프
난류,2212,팔레높시스,221214,화이트
난류,2212,팔레높시스,221215,화이트래드립
난류,2212,팔레높시스,221216,계란보
난류,2212,팔레높시스,221217,골든레오파드치타
난류,2212,팔레높시스,221218,뉴월드사이토
난류,2212,팔레높시스,221219,다이아몬드골드
난류,2212,팔레높시스,221220,다크핑크 스트라이프
난류,2212,팔레높시스,221221,띵호화
난류,2209,온시디움,220932,명성
숙근류,2427,카네이션(스탠다드),242746,도나비
숙근류,2427,카네이션(스탠다드),242747,도리아
숙근류,2427,카네이션(스탠다드),242748,도밍고
숙근류,2427,카네이션(스탠다드),242749,도오교
숙근류,2427,카네이션(스탠다드),242750,도지
숙근류,2427,카네이션(스탠다드),242751,듀엣
숙근류,2427,카네이션(스탠다드),242752,드네브
숙근류,2427,카네이션(스탠다드),242753,디에고
숙근류,2427,카네이션(스탠다드),242754,라미노
숙근류,2427,카네이션(스탠다드),242755,라스만
숙근류,2427,카네이션(스탠다드),242756,라이트
숙근류,2427,카네이션(스탠다드),242757,레드썬
숙근류,2427,카네이션(스탠다드),242758,레드콜스
숙근류,2427,카네이션(스탠다드),242759,로벨타
숙근류,2427,카네이션(스탠다드),242760,루루
숙근류,2427,카네이션(스탠다드),242761,루벤
숙근류,2427,카네이션(스탠다드),242762,리비아
숙근류,2427,카네이션(스탠다드),242763,리피티
숙근류,2427,카네이션(스탠다드),242764,마르기아
숙근류,2427,카네이션(스탠다드),242765,화이트
숙근류,2427,카네이션(스탠다드),242766,마카레나
숙근류,2427,카네이션(스탠다드),242767,메이바오
숙근류,2427,카네이션(스탠다드),242768,모니카
숙근류,2427,카네이션(스탠다드),242769,미스비와고
숙근류,2427,카네이션(스탠다드),242770,버지니아
숙근류,2427,카네이션(스탠다드),242771,화이트도나
숙근류,2427,카네이션(스탠다드),242772,복카시
숙근류,2427,카네이션(스탠다드),242773,부귀오
숙근류,2427,카네이션(스탠다드),242774,휘가로
숙근류,2427,카네이션(스탠다드),242775,삭카
숙근류,2427,카네이션(스탠다드),242776,살몬
숙근류,2427,카네이션(스탠다드),242777,샤넬
숙근류,2427,카네이션(스탠다드),242778,히로덴디
숙근류,2427,카네이션(스탠다드),242779,쇼킹
숙근류,2427,카네이션(스탠다드),242780,슈퍼그린
숙근류,2427,카네이션(스탠다드),242781,슈퍼매직
숙근류,2427,카네이션(스탠다드),242782,스카프
숙근류,2427,카네이션(스탠다드),242783,신데지오
숙근류,2427,카네이션(스탠다드),242784,알바
숙근류,2427,카네이션(스탠다드),242785,에스파니아
숙근류,2427,카네이션(스탠다드),242786,엘레강스
숙근류,2427,카네이션(스탠다드),242787,엘로우리버티
숙근류,2427,카네이션(스탠다드),242788,예초
숙근류,2427,카네이션(스탠다드),242789,옐로우도나
숙근류,2427,카네이션(스탠다드),242790,오즈
숙근류,2427,카네이션(스탠다드),242791,웨스트다아몬드
숙근류,2427,카네이션(스탠다드),242792,이두핑크
숙근류,2427,카네이션(스탠다드),242793,이드
숙근류,2427,카네이션(스탠다드),242794,이본느
숙근류,2427,카네이션(스탠다드),242795,이브
숙근류,2427,카네이션(스탠다드),242796,이사도라
숙근류,2427,카네이션(스탠다드),242797,인디오
숙근류,2427,카네이션(스탠다드),242798,체리도나
숙근류,2427,카네이션(스탠다드),242799,히로시마
숙근류,2427,카네이션(스탠다드),2427A0,카스도나
숙근류,2427,카네이션(스탠다드),2427A1,카티아
숙근류,2427,카네이션(스탠다드),2427A2,퀴멜로스
숙근류,2427,카네이션(스탠다드),2427A3,크레도
숙근류,2427,카네이션(스탠다드),2427A4,타길
숙근류,2427,카네이션(스탠다드),2427A5,탄자
숙근류,2427,카네이션(스탠다드),2427A6,탕카
숙근류,2427,카네이션(스탠다드),2427A7,파피오
숙근류,2403,카네이션(스탠다드),2427A8,프라도래릿
숙근류,2427,카네이션(스탠다드),2427B0,프래도
숙근류,2427,카네이션(스탠다드),2427B1,프리마베라
숙근류,2427,카네이션(스탠다드),2427B2,플라밍고
숙근류,2427,카네이션(스탠다드),2427B3,피노키오
숙근류,2427,카네이션(스탠다드),2427B4,핑크카네이션
숙근류,2427,카네이션(스탠다드),2427B5,핑크카스테라오
숙근류,2427,카네이션(스탠다드),2427B6,하이디
숙근류,2427,카네이션(스탠다드),2427ZZ,기타
숙근류,2428,카네이션(스프레이),242801,기린다
숙근류,2428,카네이션(스프레이),242802,나타리
숙근류,2428,카네이션(스프레이),242803,나틸라
숙근류,2428,카네이션(스프레이),242804,다링
숙근류,2428,카네이션(스프레이),242805,데보라
숙근류,2428,카네이션(스프레이),242806,라일락
숙근류,2428,카네이션(스프레이),242807,라일락카프리
숙근류,2428,카네이션(스프레이),242808,레드로렌드
숙근류,2428,카네이션(스프레이),242809,로니
숙근류,2428,카네이션(스프레이),242810,로니아
숙근류,2428,카네이션(스프레이),242811,로라
숙근류,2428,카네이션(스프레이),242812,로렌드
숙근류,2428,카네이션(스프레이),242813,로시
숙근류,2428,카네이션(스프레이),242814,롬바
숙근류,2428,카네이션(스프레이),242815,루카
숙근류,2428,카네이션(스프레이),242816,리마
숙근류,2428,카네이션(스프레이),242817,마리아
숙근류,2428,카네이션(스프레이),242818,메이창
숙근류,2428,카네이션(스프레이),242819,바바도스
숙근류,2428,카네이션(스프레이),242820,바바라
숙근류,2428,카네이션(스프레이),242821,버터플라이
숙근류,2428,카네이션(스프레이),242822,블루벨
숙근류,2428,카네이션(스프레이),242823,사라
숙근류,2428,카네이션(스프레이),242824,사카
숙근류,2428,카네이션(스프레이),242825,소네트
숙근류,2428,카네이션(스프레이),242826,소렌티노
숙근류,2428,카네이션(스프레이),242827,소피아
숙근류,2428,카네이션(스프레이),242828,솔렌티노
숙근류,2428,카네이션(스프레이),242829,쇼카
숙근류,2428,카네이션(스프레이),242830,스칼렛킹
숙근류,2428,카네이션(스프레이),242831,스칼렛프러스
숙근류,2428,카네이션(스프레이),242832,스콜피오
숙근류,2428,카네이션(스프레이),242833,시라
숙근류,2428,카네이션(스프레이),242834,시트로셀라
숙근류,2428,카네이션(스프레이),242835,안탈리아
숙근류,2427,카네이션(스탠다드),242745,대륜
조미채소류,1209,마늘,120916,깐마늘
조미채소류,1201,양파,120198,양파
난류,22ZZ,기타,22ZZ02,양란
숙근류,2454,소리다스터,245401,소리다스터
수목류,3002,낙엽교목류,300275,단풍나무
과실류,603,포도,60398,수입포도
조미채소류,1207,건고추,120798,건고추
조미채소류,1209,마늘,120998,마늘
미곡류,103,쌀,10398,쌀
두류,301,콩,30116,울콩
두류,305,강낭콩,30503,줄콩
잡곡류,401,옥수수,40106,미백
잡곡류,404,메밀,40498,메밀
과실류,601,사과,60139,미시마
과실류,601,사과,60140,미안마
과실류,603,포도,60313,레드글로브
과실류,604,복숭아,60451,오복
과실류,604,복숭아,60452,인용도
과실류,605,단감,60512,대홍(단감)
과실류,608,자두,60809,노랑자두
과실류,614,감귤,61406,극조생감귤
과실류,615,만감,61507,세또까
과실류,617,레몬,61798,레몬
과실류,658,용과,65801,용과(일반)
과일과채류,802,참외,80205,금지개
과일과채류,802,참외,80206,오복
과일과채류,804,딸기,80413,설향
과일과채류,804,딸기,80414,금향
과일과채류,804,딸기,80415,천사
과일과채류,806,방울토마토,80603,대추방울
과채류,902,호박,90209,국수호박
엽경채류,1006,열무,100699,기타
엽경채류,1099,기타,109901,쇠똥
버섯류,1799,기타,179901,노루궁뎅이버섯(일반)
약용작물류,1915,지황,191503,생지황
약용작물류,1915,지황,191504,건지황
약용작물류,1928,구기자,192802,지골피
약용작물류,1948,옻,194802,건칠
약용작물류,1958,동충하초,195801,동충하초
약용작물류,1968,모과,196801,모과
약용작물류,1974,산사자,197401,산사자
약용작물류,1975,산약,197501,산약
약용작물류,1976,산조인,197601,산조인
약용작물류,1977,산초,197701,산초
약용작물류,1978,석창포,197801,석창포
약용작물류,1980,회향,198001,회향
약용작물류,1987,원지,198701,원지
약용작물류,1989,연자,198901,연자
약용작물류,1989,연자,198902,우
약용작물류,1989,연자,198903,우절
약용작물류,1989,연자,198904,하엽
약용작물류,1991,우슬,199101,우슬
약용작물류,1993,전호,199301,전호
약용작물류,1994,정향,199401,정향
약용작물류,1999,과루인(하늘타리),199903,괄루
약용작물류,1999,과루인(하늘타리),199901,과루인
약용작물류,1999,과루인(하늘타리),199902,천화분
약용작물류,19A0,패모,19A001,평패모
약용작물류,19A8,홍화(잇꽃),19A801,홍화
약용작물류,19A8,홍화(잇꽃),19A802,홍화자
약용작물류,19A9,황련,19A901,황련
약용작물류,19B4,감초,19B401,감초
약용작물류,19B5,강황,19B501,강황
약용작물류,19D2,구약,19D201,구약
약용작물류,19D7,금낭화,19D701,금낭화
약용작물류,19G3,무화과,19G301,무화과
약용작물류,19G6,백개자,19G601,백개자
약용작물류,19H3,복령,19H301,백복령
약용작물류,19H3,복령,19H302,적복령
약용작물류,19H3,복령,19H303,백복신
약용작물류,19I0,백합,19I001,백합
약용작물류,19I9,사과,19I902,사과등
약용작물류,19J1,사인,19J101,사인
약용작물류,19K8,선인장,19K801,선인장
약용작물류,19N0,옥죽,19N001,옥죽
약용작물류,19N2,용안육(용안),19N201,용안육(용안)
약용작물류,19N5,울금,19N501,울금
약용작물류,19N8,육두구,19N801,육두구
약용작물류,19O1,인삼,19O101,인삼
약용작물류,19O2,인진호,19O201,인진호
약용작물류,19O9,저근백피,19O902,저엽
약용작물류,19O9,저근백피,19O903,봉안초
약용작물류,19T2,피마자,19T201,피마자
약용작물류,19T2,피마자,19T202,피마근
약용작물류,19T2,피마자,19T203,피마엽
약용작물류,19U3,호초(후추),19U302,해풍등
조미채소류,1210,생강,121098,생강
양채류,1307,케일,130706,적로즈
양채류,1399,기타,139901,신립초(일반)
산채류,1424,새싹,142401,새싹(일반)
산채류,1424,새싹,142402,새싹(혼합)
산채류,1424,새싹,142499,기타
조미채소류,1209,마늘,120917,마늘쫑
맥류,203,밀,20399,기타
과실류,617,레몬,61799,기타
과실류,619,그레이프푸룻(자몽),61999,기타
과실류,622,오디,62299,기타
과실류,623,버찌,62399,기타
과실류,625,매실,62599,기타
엽경채류,1008,시금치,100899,기타
약용작물류,19I5,부용,19I501,부용
과실류,601,사과,60141,선홍
약용작물류,19ZZ,기타,19ZZ01,아마
기타화훼,28ZZ,기타,28ZZ01,스테비아
과실류,605,단감,60511,대홍
특용작물류,1628,녹차,162801,녹차잎
약용작물류,1948,옻,194803,옻순
조미채소류,1205,풋고추,120510,오이맛고추
약용작물류,19V5,대마,19V501,대마
과실류,601,사과,60142,서광
과실류,604,복숭아,60453,성백도
과실류,604,복숭아,60454,오도록기
과실류,604,복숭아,60455,가납암
과실류,604,복숭아,60456,왕도
과실류,659,블루베리,65901,블루베리
엽경채류,1001,배추,100111,절임배추
미곡류,103,쌀,10313,멥쌀
미곡류,106,현미,10601,현미(일반)
미곡류,106,현미,10602,현미쑥쌀
미곡류,106,현미,10603,메현미
미곡류,106,현미,10604,찰현미
미곡류,106,현미,10605,흑현미
미곡류,106,현미,10606,발아현미
미곡류,106,현미,10607,찰흑미
미곡류,106,현미,10608,흑향미
미곡류,106,현미,10699,기타
맥류,201,보리,20104,발아보리
맥류,203,밀,20302,발아밀
두류,301,콩,30117,발아콩
두류,302,팥,30205,발아팥
두류,303,녹두,30303,발아녹두
잡곡류,401,옥수수,40108,발아옥수수
잡곡류,402,조,40205,좁쌀
잡곡류,402,조,40206,발아조
잡곡류,403,수수,40304,발아수수
잡곡류,405,기장,40502,기장쌀
잡곡류,407,율무,40703,율무쌀
서류,501,감자,50111,가을감자
서류,501,감자,50112,고냉지감자
서류,501,감자,50113,두백
서류,501,감자,50114,봄감자
서류,501,감자,50115,조림감자
서류,501,감자,50116,추백
서류,501,감자,50117,호박감자
서류,501,감자,50118,홍감자
서류,501,감자,50119,답리작
서류,501,감자,50120,맘모스
서류,501,감자,50198,감자
서류,502,고구마,50205,자주고구마
서류,502,고구마,50206,붉은고구마
과실류,601,사과,60143,시나노레드
과실류,601,사과,60144,아이카향
과실류,601,사과,60145,로얄부사
과실류,601,사과,60146,기꾸8
과실류,601,사과,60147,애기사과
과실류,601,사과,60148,채향
과실류,601,사과,60149,서광
과실류,601,사과,60150,갈라
과실류,601,사과,60151,그라니스미스
과실류,601,사과,60152,글로스터
과실류,601,사과,60153,금광
과실류,601,사과,60154,금왕자
과실류,601,사과,60155,롬뷰티
과실류,601,사과,60156,마도우
과실류,601,사과,60157,맨코이
과실류,601,사과,60158,미광
과실류,601,사과,60159,미끼
과실류,601,사과,60160,새나라
과실류,601,사과,60161,스타칼라
과실류,602,배,60227,수정
과실류,602,배,60228,신천
과실류,602,배,60229,예황
과실류,602,배,60230,애감수
과실류,603,포도,60314,버팔로
과실류,603,포도,60315,청포도
과실류,603,포도,60316,스튜벤
과실류,603,포도,60317,이탈리아
과실류,603,포도,60318,청수
과실류,603,포도,60319,크림슨
과실류,603,포도,60320,킹델라웨어
과실류,603,포도,60321,피오네
과실류,603,포도,60322,홍이두
과실류,603,포도,60323,교호
과실류,603,포도,60324,톰슨시들레스
과실류,603,포도,60325,플레임스들레스
과실류,603,포도,60326,칼메리아
과실류,603,포도,60327,크림슨스들레스
과실류,604,복숭아,60457,경봉
과실류,604,복숭아,60458,천일백도
과실류,604,복숭아,60459,그레이트
과실류,604,복숭아,60460,그레이트점보
과실류,604,복숭아,60461,마도카
과실류,604,복숭아,60462,몽부사
과실류,604,복숭아,60463,용황백도
과실류,604,복숭아,60464,진미
과실류,606,떫은감,60610,도건
과실류,606,떫은감,60611,둥시
과실류,607,곶감,60704,감말랭이
과실류,607,곶감,60705,반건시
과실류,608,자두,60810,대왕자두
과실류,608,자두,60811,미금
과실류,608,자두,60812,암스트롱
과실류,608,자두,60813,자봉
과실류,608,자두,60814,태양
과실류,608,자두,60815,후무사2
과실류,611,참다래,61104,레드키위
과실류,611,참다래,61105,스키니키위
과실류,611,참다래,61106,Hort 16A
과실류,611,참다래,61198,참다래
과실류,612,바나나,61203,레귤러
과실류,612,바나나,61204,고산지
과실류,613,파인애플,61304,골드
과실류,613,파인애플,61305,MG2
과실류,613,파인애플,61306,MG3
과실류,614,감귤,61407,천헤향
과실류,614,감귤,61408,황금향
과실류,617,레몬,61702,라임
과실류,617,레몬,61703,펜시
과실류,617,레몬,61704,초이스
과실류,618,오렌지,61804,레인레이트
과실류,618,오렌지,61805,미드나잇
과실류,618,오렌지,61806,델타
과실류,618,오렌지,61807,카라카라
과실류,618,오렌지,61808,모로
과실류,619,자몽,61902,화이트
과실류,619,자몽,61903,레드
과실류,619,자몽,61904,화이트루비
과실류,619,자몽,61905,레드루비
과실류,619,자몽,61906,스타루비
과실류,619,자몽,61907,스위티
과실류,623,버찌,62302,재래종
과실류,624,석류,62498,석류
과실류,635,야자,63598,야자
과실류,636,망고,63698,망고
과실류,657,체리,65798,체리
과실류,660,람부탄,66001,람부탄(일반)
과실류,661,롱간,66101,롱간(일반)
수실류,701,밤,70108,광주조생
수실류,701,밤,70109,대보
수실류,701,밤,70110,대홍
수실류,701,밤,70111,만적
수실류,701,밤,70112,산대율
수실류,701,밤,70113,삼조생
수실류,701,밤,70114,유마
수실류,701,밤,70115,은기
수실류,701,밤,70116,중흥율
수실류,701,밤,70117,축파
수실류,701,밤,70118,평기
수실류,701,밤,70119,흑율
수실류,702,대추,70203,국뢰
수실류,702,대추,70204,금성
수실류,702,대추,70205,나주재래
수실류,702,대추,70206,무등
수실류,702,대추,70207,보사갑
수실류,702,대추,70208,복조
수실류,702,대추,70209,산조
수실류,702,대추,70210,월출
잡곡류,401,옥수수,40107,단옥수수
수실류,702,대추,70211,태국
수실류,702,대추,70212,태국감조
수실류,702,대추,70213,태출밀조
수실류,704,호두,70403,보오항
수실류,704,호두,70404,페인
수실류,704,호두,70405,프랑켓트
수실류,704,호두,70406,하틀리
수실류,704,호두,70407,황금
과일과채류,801,수박,80106,흑수박
과일과채류,801,수박,80107,속노란수박
과일과채류,801,수박,80108,꿀수박
과일과채류,802,참외,80207,금자탑
과일과채류,802,참외,80208,7
과일과채류,802,참외,80209,슈퍼 007
과일과채류,802,참외,80210,칠성꿀
과일과채류,802,참외,80211,성주꿀
과일과채류,804,딸기,80416,밀양1호
과일과채류,804,딸기,80417,천보
과일과채류,804,딸기,80418,청홍
과일과채류,804,딸기,80419,통일1호
과일과채류,804,딸기,80420,플라밍고
과일과채류,804,딸기,80421,SD
과일과채류,805,메론,80507,적육메론
과일과채류,805,메론,80508,가야백자
과일과채류,805,메론,80509,마블
과채류,901,오이,90107,캡오이
과채류,902,호박,90210,동과
과채류,902,호박,90298,단호박
과채류,903,가지,90303,꽈리
과채류,903,가지,90304,단가지
과채류,905,백과,90502,황색
과채류,905,백과,90503,백색
과채류,999,기타,99901,수세미(일반)
엽경채류,1001,배추,100198,배추
엽경채류,1004,양배추,100405,꼬꼬마
엽경채류,1004,양배추,100498,양배추
엽경채류,1005,상추,100511,꽃적상추
엽경채류,1006,열무,100602,열무솎음
엽경채류,1008,시금치,100805,육지초
엽경채류,1008,시금치,100806,킹
엽경채류,1011,깻잎,101104,깻단
엽경채류,1013,갓,101305,돌갓
엽경채류,1017,숙주나물,101798,숙주나물
엽경채류,1050,겨자채,105004,청겨자채
엽경채류,1057,시레기,105701,시레기(일반)
근채류,1101,무,110110,달랑무
근채류,1103,당근,110303,꼬마당근
근채류,1103,당근,110398,당근
조미채소류,1201,양파,120106,자주양파
조미채소류,1201,양파,120107,중만생양파
조미채소류,1202,대파,120298,대파
조미채소류,1205,풋고추,120511,아삭이
조미채소류,1206,꽈리고추,120602,왕꽈리
조미채소류,1207,건고추,120703,반양건
조미채소류,1210,생강,121007,구강
조미채소류,1216,겨자,121602,적겨자
양채류,1301,양상추,130114,아이스퀸
양채류,1304,셀러리,130403,레드셀러리
양채류,1306,브로코리(녹색꽃양배추),130698,브로코리
양채류,1309,방울양배추,130999,기타
양채류,1310,그린빈스,131099,기타
양채류,1325,비타민,132502,다청채
양채류,1325,비타민,132503,다홍채
양채류,1326,파프리카,132606,미니파프리카
양채류,1326,파프리카,132699,기타
양채류,1327,식용허브,132706,로케트
양채류,1328,로메인,132801,로메인(일반)
양채류,1328,로메인,132802,통로메인
양채류,1328,로메인,132803,적로메인
양채류,1328,로메인,132899,기타
양채류,1399,기타,139902,쌈채
양채류,1399,기타,139903,모듬쌈채
양채류,1399,기타,139904,조나
양채류,1399,기타,139905,미니코스
양채류,1399,기타,139906,홍현채
양채류,1399,기타,139907,보혈채
양채류,1399,기타,139908,공심채
양채류,1399,기타,139909,잎당귀
양채류,1399,기타,139910,라디초우
양채류,1399,기타,139911,레드케비취
양채류,1399,기타,139912,설채
산채류,1402,고사리,140204,북한산 고사리
산채류,1402,고사리,140298,고사리
산채류,1407,도라지,140706,북한산 도라지
산채류,1407,도라지,140798,도라지
산채류,1408,마,140806,천마
산채류,1424,새싹,142403,적무
산채류,1499,기타,149901,엉겅퀴
산채류,1499,기타,149902,에이스컨
산채류,1499,기타,149903,벨지움
산채류,1499,기타,149904,사라다볼
산채류,1499,기타,149905,배청채
산채류,1499,기타,149906,새발나물
과일과채류,805,메론,80510,별똥별
특용작물류,1628,차류,162802,작설차잎
특용작물류,1628,차류,162803,뽕잎
특용작물류,1628,차류,162804,국화차(잎)
특용작물류,1628,차류,162805,국화차(꽃)
특용작물류,1628,차류,162806,연잎
버섯류,1701,느타리버섯,170105,농기2-1호
버섯류,1701,느타리버섯,170106,농기2-2호
버섯류,1701,느타리버섯,170107,수한느타리
버섯류,1701,느타리버섯,170108,병느타리
버섯류,1707,목이,170798,목이
버섯류,1708,석이,170898,석이
버섯류,1709,영지버섯,170902,영지1호
버섯류,1709,영지버섯,170903,영지2호
버섯류,1709,영지버섯,170999,기타
버섯류,1799,기타,179902,팽나무버섯
약용작물류,19A8,홍화(잇꽃),19A803,홍화차
약용작물류,19V0,헛개나무,19V001,헛개나무(일반)
약용작물류,19ZZ,기타,19ZZ02,산악
약용작물류,19ZZ,기타,19ZZ03,치커리뿌리
화목류,2056,부겐빌레아,205601,부겐빌레아(일반)
초화류,2197,튜울립,219701,튜울립(일반)
초화류,2198,크리산세멈,219801,크리산세멈(일반)
난류,2221,동양심비,222101,동양심비(일반)
관엽식물류,2.60E+09,국화,26E801,국화(일반)
관엽식물류,26F4,관음죽,26F401,관음죽(일반)
관엽식물류,26G0,팔손이,26G001,팔손이(일반)
관엽식물류,26G2,자금우,26G201,자금우(일반)
관엽식물류,26G4,장미,26G401,장미(일반)
관엽식물류,26G8,카네이션,26G801,카네이션(일반)
산림종묘,2901,종자,290152,비수리
산림종묘,2901,종자,290153,소나무
절화류,3601,백합(오리엔탈),360101,오리엔탈(일반)
절화류,3606,글라디올러스,360601,글라디올러스(일반)
절화류,3610,칼라,361001,칼라(일반)
절화류,3632,소재류,363201,소재류(일반)
관상수류,3708,사철나무,370801,사철나무(일반)
관상수류,3718,소철,371801,소철(일반)
버섯류,1724,노루궁뎅이버섯,172401,노루궁뎅이버섯
조미채소류,1207,건고추,120704,화건
조미채소류,1207,건고추,120705,건고추(햇양건)
특용작물류,1630,사탕무,163001,사탕무(일반)
임산부산물,3401,수엽류,340106,루이보스
서류,504,카사바,50401,카사바(일반)
숙근류,2451,잔디,245103,꽃잔디
근채류,1104,우엉,110403,우엉잎
기타화훼,2803,야생화,280368,세발나물
기타화훼,2803,야생화,280369,곰방부리나물
엽경채류,1058,가랏,105801,가랏(일반)
과실류,618,오렌지,61809,천혜향
산채류,1408,마,140898,마
버섯류,1706,만가닥,170699,기타
엽경채류,1021,비름,102105,비름나물
엽경채류,1023,토란대,102398,토란대
엽경채류,1024,머위대,102404,머위나물
엽경채류,1099,기타,109999,엽경채류(기타)
근채류,1101,무,110198,무
근채류,1104,우엉,110498,우엉채
근채류,1199,기타,119999,근채류(기타)
조미채소류,1208,홍고추,120899,기타
조미채소류,1209,마늘,120909,쪽마늘
조미채소류,1299,기타,129999,조미채소류(기타)
양채류,1301,양상추,130198,양상추
양채류,1305,적채,130598,적양배추
양채류,1399,기타,139999,양채류(기타)
산채류,1403,두릅,140306,염장두릅
산채류,1403,두릅,140398,두릅
산채류,1404,죽순,140498,죽순
산채류,1409,더덕,140998,더덕
산채류,1413,고비,141398,고비
산채류,1499,기타,149907,산나물
산채류,1499,기타,149999,산채류(기타)
특용작물류,1602,들깨,160298,들깨
특용작물류,1699,기타,169999,특용작물류(기타)
특용작물류,1603,땅콩,160398,땅콩
버섯류,1704,표고버섯,170409,건표고버섯
버섯류,1704,표고버섯,170497,건표고
버섯류,1704,표고버섯,170498,표고버섯
버섯류,1705,팽이버섯,170503,황금송이
버섯류,1707,목이,170702,건목이버섯
버섯류,1799,기타,179999,버섯류(기타)
미곡류,103,쌀,10314,쌀(쇄미)
잡곡류,499,기타,49998,기타잡곡류
잡곡류,499,기타,49999,잡곡류(기타)
서류,501,감자,50121,돼지감자
서류,502,고구마,50207,황금고구마
서류,599,기타,59999,서류(기타)
과실류,601,사과,60198,사과
과실류,602,배,60298,배
과실류,605,단감,60598,감
과실류,607,곶감,60798,곶감
과실류,608,자두,60898,자두
과실류,612,바나나,61298,바나나
과실류,614,감귤,61498,감귤
과실류,618,오렌지,61898,오렌지
과실류,699,기타,69998,과실
수실류,703,잣,70398,잣
수실류,704,호두,70498,호두
과일과채류,802,참외,80212,금도령
과일과채류,803,토마토,80305,쿠마토
과일과채류,804,딸기,80422,사찌
과일과채류,804,딸기,80498,딸기
과일과채류,805,메론,80598,메론
과채류,999,기타,99999,과채류(기타)
양채류,1304,셀러리(양미나리),130498,셀러리
맥류,201,보리,20105,겉보리
두류,301,콩,30118,백태
두류,302,팥,30206,붉은팥
두류,303,녹두,30304,유광녹두
잡곡류,402,조,40207,메조
잡곡류,403,수수,40305,메수수
과실류,607,곶감,60706,함안곶감
과실류,611,참다래(키위),61107,헤이워드
과실류,612,바나나,61205,카벤디쉬
과실류,613,파인애플,61307,퀸
수실류,701,밤,70120,생율
수실류,702,대추,70214,생대추
수실류,703,잣,70303,피잣
수실류,704,호두,70408,피호두
수실류,705,은행,70503,피은행
수실류,706,도토리,70603,피도토리
수실류,708,머루,70804,새머루
엽경채류,1013,갓,101306,돌산갓
엽경채류,1023,토란대,102304,생토란대
근채류,1103,당근,110304,흙당근
근채류,1104,우엉,110404,통우엉
근채류,1105,연근,110503,통연근
근채류,1106,토란,110603,피토란
조미채소류,1201,양파,120108,조생양파
양채류,1302,피망(단고추),130205,청피망
산채류,1401,취나물,140105,생취나물
산채류,1403,두릅,140305,참두릅
산채류,1404,죽순,140404,맹종죽순
산채류,1407,도라지,140707,생도라지자연산
산채류,1408,마,140807,생환마
산채류,1409,더덕,140906,생더덕자연산
특용작물류,1601,참깨,160103,흰깨
특용작물류,1602,들깨,160203,잎들깨
특용작물류,1603,땅콩,160303,피땅콩
버섯류,1701,느타리버섯,170109,사철느타리
버섯류,1702,양송이,170210,양송이304호
버섯류,1704,표고버섯,170408,생표고
약용작물류,1903,참당귀,190304,일당귀
근채류,1105,연근,110598,연근
과실류,613,파인애플,61398,파인애플
엽경채류,1059,함초,105902,나문재
약용작물류,19V1,초석잠,19V101,초석잠
과실류,604,복숭아,60465,단황도
과실류,604,복숭아,60466,복조
과실류,604,복숭아,60467,향수
과실류,604,복숭아,60468,원백도
과실류,663,아로니아,66301,아로니아
과실류,663,아로니아,66398,아로니아
과실류,622,오디,62202,구지뽕
과실류,665,아사이베리,66501,아사이베리(일반)
과실류,666,칼슘나무,66601,칼슘나무(일반)
약용작물류,19V6,황칠나무,19V601,황칠나무(일반)
근채류,1107,삼채,110701,삼채(일반)
과실류,667,블랙커런트,66701,블랙커런트(일반)
숙근류,2442,공작초,244299,기타
숙근류,2449,억새,244999,기타
숙근류,2451,잔디,245199,기타
숙근류,24ZZ,기타,24ZZ99,기타
구근류,2505,라넌큐라스,250599,기타
난류,2215,브라시아,221599,기타
선인장/다육식물류,2379,선인장,237999,기타
선인장/다육식물류,2389,아이스플랜트,238901,아이스플랜트(일반)
선인장/다육식물류,23ZZ,기타,23ZZ99,기타
숙근류,2405,극락조화,240599,기타
숙근류,2407,꽃창포,240799,기타
숙근류,2422,옥잠화,242299,기타
숙근류,2423,용담,242399,기타
과실류,603,포도,60328,세레단
과실류,603,포도,60329,베니바라드
과실류,603,포도,60330,샤슬라
과실류,603,포도,60331,고처
과실류,603,포도,60332,가이찌
과실류,603,포도,60333,진옥
과실류,603,포도,60334,흑보석
과실류,603,포도,60335,홍서보
과실류,603,포도,60392,레드글로브
과실류,603,포도,60393,버팔로
과실류,603,포도,60394,크림슨
과실류,603,포도,60395,거봉
과실류,603,포도,60397,청포도
과실류,604,복숭아,60469,무정조생백봉
과실류,604,복숭아,60471,공삼
과실류,604,복숭아,60472,가나메
과실류,604,복숭아,60473,개복숭아
과실류,604,복숭아,60474,골드라이트
과실류,604,복숭아,60475,광황도
과실류,604,복숭아,60476,대홍
과실류,604,복숭아,60477,선골드
과실류,604,복숭아,60478,아카사끼
과실류,604,복숭아,60479,엘바백도
과실류,604,복숭아,60480,대명
과실류,604,복숭아,60481,대양
과실류,604,복숭아,60482,넙죽이
과실류,604,복숭아,60483,대옥계
과실류,604,복숭아,60484,대지황도
과실류,604,복숭아,60485,로얄황도
과실류,604,복숭아,60486,만생미백
과실류,604,복숭아,60487,만생백도
과실류,604,복숭아,60488,멍치
과실류,604,복숭아,60489,미황
과실류,604,복숭아,60490,백옥
과실류,604,복숭아,60491,귤조생
과실류,604,복숭아,60492,그린황도
과실류,604,복숭아,60493,금강수밀
과실류,604,복숭아,60494,대경백봉
과실류,604,복숭아,60495,대왕
과실류,604,복숭아,60496,미향
과실류,604,복숭아,60498,산정백도
과실류,604,복숭아,0604A1,서광
과실류,604,복숭아,0604A2,스프린터
과실류,604,복숭아,0604A3,승일백도
과실류,604,복숭아,0604A4,신수백도
과실류,604,복숭아,0604A5,썬골드
과실류,604,복숭아,0604A6,애천중도
과실류,604,복숭아,0604A7,영산백도
과실류,604,복숭아,0604A8,왕봉
과실류,604,복숭아,0604A9,용궁백도
과실류,604,복숭아,0604B1,용택골드
과실류,604,복숭아,0604B2,이원조생
과실류,604,복숭아,0604B3,일천백봉
과실류,604,복숭아,0604B4,오월도
과실류,604,복숭아,0604B5,올인
과실류,604,복숭아,0604B6,찌요마루
과실류,604,복숭아,0604B7,상백
과실류,604,복숭아,0604B8,수밀도
과실류,604,복숭아,0604B9,승도
과실류,604,복숭아,0604C1,애지백도
과실류,604,복숭아,0604C2,황월
과실류,604,복숭아,0604C3,백천황도
과실류,604,복숭아,0604C4,성주백도
과실류,604,복숭아,0604C5,수홍
과실류,604,복숭아,0604C6,원교
과실류,604,복숭아,0604C7,월광
과실류,604,복숭아,0604C8,유조라
과실류,604,복숭아,0604C9,천봉
과실류,604,복숭아,0604D1,청도
과실류,604,복숭아,0604D2,홍금향
과실류,604,복숭아,0604D3,일광
과실류,604,복숭아,0604D4,인황백도
과실류,604,복숭아,0604D5,영일백도
과실류,604,복숭아,0604D6,이즈미백도
과실류,604,복숭아,0604D7,월하
과실류,604,복숭아,0604D8,금강황도
과실류,604,복숭아,0604D9,홍광
과실류,604,복숭아,6.04E+03,편도
과실류,604,복숭아,6.04E+04,대박황도
과실류,604,복숭아,6.04E+05,대월
과실류,604,복숭아,6.04E+06,대적월
과실류,604,복숭아,6.04E+07,강황도
과실류,604,복숭아,6.04E+08,만생황도
과실류,604,복숭아,0604Z9,복숭아
과실류,605,단감,60513,도근
과실류,605,단감,60514,동원
과실류,605,단감,60515,무핵흑대시
과실류,605,단감,60516,만어소
과실류,605,단감,60517,먹시
과실류,605,단감,60518,배시
과실류,605,단감,60519,신미
과실류,605,단감,60520,조홍시
과실류,605,단감,60521,조추
과실류,606,떫은감,60612,선사환
과실류,607,곶감,60707,꽃반시
과실류,608,자두,60816,가나자두
과실류,608,자두,60817,가시자두
과실류,608,자두,60818,산타로사
과실류,608,자두,60819,도담
과실류,608,자두,60820,로얄대석
과실류,608,자두,60821,홍로생
과실류,608,자두,60822,썬킹델리셔스
과실류,608,자두,60823,정상자두
과실류,608,자두,60824,흑자두
과실류,608,자두,60825,건자두
과실류,609,모과,60998,모과
과실류,610,살구,61003,신사대실
과실류,610,살구,61004,산형3호
과실류,612,바나나,61297,몽키
과실류,614,감귤,61409,레드향
과실류,614,감귤,61410,한라향
과실류,614,감귤,61411,카라향
과실류,614,감귤,61412,하루미
과실류,614,감귤,61413,온주
과실류,614,감귤,61414,마르메르
과실류,614,감귤,61415,성전
과실류,614,감귤,61416,세또미
과실류,616,탄제린,61698,탄제린
과실류,616,탄제린,61699,기타
과실류,617,레몬,61797,라임
과실류,618,오렌지,61897,네블
과실류,619,자몽,61996,스위티
과실류,619,자몽,61997,메로골드
과실류,619,자몽,61998,자몽
과실류,620,유자,62098,유자
과실류,623,버찌,62303,좌등금
과실류,623,버찌,62398,버찌
과실류,626,앵두,62698,앵두
과실류,627,무화과,62798,무화과
과실류,631,아몬드,63198,아몬드
과실류,634,아보카도,63498,아보카도
과실류,637,망고스턴,63798,망고스턴
과실류,638,코코넛,63898,코코넛
버섯류,1711,새송이,171102,홍삼새송이
버섯류,1711,새송이,171199,기타
버섯류,1722,자연산송이,172202,양식송이
과실류,604,복숭아,60470,관도5호
버섯류,1722,자연산송이,172298,송이버섯
버섯류,1799,기타,179903,해송이버섯
버섯류,1799,기타,179904,송느버섯
버섯류,1799,기타,179905,차가버섯
인삼류,1801,수삼,180198,수심
인삼류,1808,새싹,180801,새싹삼
인삼류,1808,새싹,180802,산삼새싹
인삼류,1808,새싹,180803,산삼배양근
인삼류,1808,새싹,180899,기타
인삼류,1899,기타,189999,기타
약용작물류,1903,참당귀,190398,당귀
약용작물류,1915,지황,191599,기타
약용작물류,1917,천궁,191798,천궁
과실류,639,보리수,63998,보리수
과실류,642,리치,64298,리치
과실류,644,듀리안,64498,듀리안
과실류,646,파파야,64698,파파야
과실류,658,용과,65898,용과
과실류,659,블루베리,65997,건블루베리
과실류,659,블루베리,65998,블루베리
과실류,660,람부탄,66098,람부탄
과실류,674,혼합과실,67401,혼합과실(일반)
과실류,699,기타,69999,기타
수실류,701,밤,70121,건율
수실류,701,밤,70195,옥광
수실류,701,밤,70196,이평
수실류,701,밤,70197,은행율
수실류,702,대추,70297,건대추
수실류,702,대추,70298,대추
수실류,703,잣,70397,깐잣
수실류,704,호두,70497,깐호두
수실류,705,은행,70598,은행
수실류,708,머루,70898,머루
수실류,709,다래,70902,다래순
수실류,709,다래,70998,다래
수실류,709,다래,70999,기타
수실류,799,기타,79999,기타
과일과채류,801,수박,80109,금메달수박
과일과채류,801,수박,80110,달고나수박
과일과채류,801,수박,80111,이슬단
과일과채류,801,수박,80112,올림피아
과일과채류,801,수박,80113,환호성
과일과채류,802,참외,80213,금천
과일과채류,802,참외,80214,만리장성
과일과채류,802,참외,80215,부자꿀
과일과채류,802,참외,80216,스마트꿀
과일과채류,802,참외,80217,하늘애
과일과채류,802,참외,80218,슈퍼꿀
과일과채류,802,참외,80219,조은대
과일과채류,802,참외,80220,팔복꿀
과일과채류,803,토마토,80306,릴리앙스
과일과채류,803,토마토,80307,대저토마토
과일과채류,804,딸기,80423,싼타
과일과채류,804,딸기,80424,죽향
과일과채류,804,딸기,80425,왕딸기
과일과채류,804,딸기,80426,담향
과일과채류,804,딸기,80427,마이봉
과일과채류,804,딸기,80428,조홍
과일과채류,804,딸기,80429,선홍
과일과채류,804,딸기,80430,고하
과일과채류,805,메론,80511,넘버원
과일과채류,805,메론,80512,블루
과일과채류,805,메론,80513,설향
과일과채류,805,메론,80514,은설
과일과채류,805,메론,80515,골든볼
과일과채류,805,메론,80516,감천
과일과채류,806,방울토마토,80604,아지토마토
과일과채류,806,방울토마토,80605,구기자방울
과일과채류,806,방울토마토,80699,기타
과일과채류,899,기타,89999,기타
과채류,901,오이,90108,구르미오이
과채류,901,오이,90109,청노각
과채류,901,오이,90110,사엽
과채류,902,호박,90211,청호박
과채류,902,호박,90212,개구리호박
과채류,902,호박,90213,나물박
과채류,902,호박,90214,건호박
과채류,902,호박,90297,호박
과채류,903,가지,90305,축양
과채류,903,가지,90306,흑진주
과채류,903,가지,90397,건가지
과채류,905,백과,90599,기타
엽경채류,1001,배추,100113,배양채
엽경채류,1001,배추,100197,우거지
엽경채류,1004,양배추,100406,조생양배추
엽경채류,1005,상추,100512,백상추
엽경채류,1005,상추,100513,치마상추
엽경채류,1005,상추,100514,토말린
엽경채류,1005,상추,100597,줄기상추
엽경채류,1009,미나리,100998,미나리
엽경채류,1010,부추,101098,부추
엽경채류,1011,깻잎,101105,깨송이
엽경채류,1013,갓,101307,뿌리갓
엽경채류,1014,근대,101403,백근대
엽경채류,1014,근대,101404,근대순
엽경채류,1014,근대,101499,기타
엽경채류,1016,콩나물,101698,콩나물
엽경채류,1019,고구마순,101904,청고구마순
엽경채류,1019,고구마순,101905,홍고구마순
엽경채류,1019,고구마순,101997,건고구마순
엽경채류,1019,고구마순,101998,고구마순
엽경채류,1022,고들빼기,102299,기타
엽경채류,1039,무순,103903,청무순
엽경채류,1043,무청,104303,삶은무청
엽경채류,1043,무청,104397,건무청
엽경채류,1050,겨자채,105099,기타
엽경채류,1059,함초,105999,기타
엽경채류,1061,모시잎,106101,모시잎(일반)
엽경채류,1062,겨자잎,106201,겨자잎(일반)
근채류,1101,무,110111,동자무
근채류,1101,무,110112,월동무
근채류,1101,무,110113,갯무
근채류,1101,무,110114,남지무
근채류,1101,무,110115,자색무
근채류,1101,무,110116,태백무
근채류,1101,무,110117,무솎음
근채류,1101,무,110118,세척무
근채류,1101,무,110196,건무
근채류,1101,무,110197,무말랭이
근채류,1103,당근,110305,자색당근
근채류,1103,당근,110397,세척당근
근채류,1104,우엉,110497,우엉
근채류,1106,토란,110604,건토란
근채류,1106,토란,110697,건토란
근채류,1106,토란,110698,토란
조미채소류,1201,양파,120109,샬롯
조미채소류,1201,양파,120110,건양파
조미채소류,1201,양파,120197,자주양파
조미채소류,1205,풋고추,120512,롱그린
조미채소류,1205,풋고추,120513,가지고추
조미채소류,1205,풋고추,120514,국보
조미채소류,1205,풋고추,120515,일천
조미채소류,1205,풋고추,120516,길상
조미채소류,1205,풋고추,120517,당조
조미채소류,1205,풋고추,120518,마니따
조미채소류,1205,풋고추,120519,맛광
조미채소류,1205,풋고추,120520,모닝
조미채소류,1207,건고추,120706,햇화건고추
조미채소류,1207,건고추,120707,청양건고추
조미채소류,1209,마늘,120910,주대마늘
조미채소류,1209,마늘,120918,냉동마늘
조미채소류,1210,생강,121008,무강
조미채소류,1210,생강,121009,병강
조미채소류,1210,생강,121010,흑생강
조미채소류,1210,생강,121097,깐생강
조미채소류,1211,염교(락교),121198,염교
조미채소류,1216,겨자,121603,청겨자
조미채소류,1216,겨자,121699,기타
양채류,1304,셀러리(양미나리),130499,기타
양채류,1306,브로코리(녹색꽃양배추),130603,로마네스크
양채류,1306,브로코리(녹색꽃양배추),130699,기타
양채류,1307,케일,130707,그린로즈
과실류,664,블랙베리,66401,블랙베리(일반)
양채류,1307,케일,130708,로얄채
양채류,1308,파세리(향미나리),130899,기타
양채류,1311,비트(붉은사탕무우),131103,비트뿌리
양채류,1311,비트(붉은사탕무우),131198,비트
양채류,1311,비트(붉은사탕무우),131199,기타
양채류,1314,콜라비(순무양배추),131402,청콜라비
양채류,1314,콜라비(순무양배추),131403,적콜라비
양채류,1314,콜라비(순무양배추),131499,기타
양채류,1325,비타민,132599,기타
양채류,1326,파프리카,132607,토마피파프리카
양채류,1327,식용허브,132707,딜
양채류,1327,식용허브,132799,기타
양채류,1399,기타,139998,라디초우
산채류,1401,취나물,140197,삶은취나물
산채류,1401,취나물,140198,취나물
산채류,1402,고사리,140296,삶은고사리
산채류,1402,고사리,140297,건고사리
산채류,1407,도라지,140708,실도라지
산채류,1407,도라지,140709,도라지채
산채류,1407,도라지,140795,생도라지
산채류,1407,도라지,140796,깐도라지
산채류,1407,도라지,140797,건도라지
산채류,1409,더덕,140997,건더덕
산채류,1415,질경이,141599,기타
산채류,1424,새싹,142404,뉴꼴라
산채류,1424,새싹,142405,엔다이브
산채류,1424,새싹,142406,국화
산채류,1424,새싹,142407,로즈마리
산채류,1424,새싹,142408,장미
산채류,1424,새싹,142409,카네이션
산채류,1424,새싹,142410,크레송
산채류,1424,새싹,142411,타임
산채류,1424,새싹,142412,팬지
산채류,1424,새싹,142413,핑크볼
산채류,1424,새싹,142414,한련화
산채류,1424,새싹,142415,적양배추싹
산채류,1499,기타,149908,미역취나물
산채류,1499,기타,149909,곰반부리나물
산채류,1499,기타,149910,개망초나물
산채류,1499,기타,149911,유채나물
특용작물류,1601,참깨,160198,참깨
특용작물류,1605,피마자,160502,건피마자
특용작물류,1605,피마자,160598,피마자
특용작물류,1610,호박씨,161098,호박씨
특용작물류,1627,초피,162799,기타
특용작물류,1628,차류,162899,기타
미곡류,101,벼,10103,햇일반계
미곡류,199,기타,19999,기타
두류,301,콩,30119,호랑이콩
두류,301,콩,30120,알록콩
두류,301,콩,30196,울콩
두류,301,콩,30197,백태
두류,301,콩,30198,콩
두류,302,팥,30296,개구리팥
두류,302,팥,30297,붉은팥
두류,302,팥,30298,
두류,303,녹두,30398,녹두
두류,304,완두,30404,깐완두
두류,304,완두,30498,완두
두류,305,강낭콩,30505,빨간콩
두류,305,강낭콩,30598,강낭콩
두류,306,동부,30698,동부
잡곡류,401,옥수수,40198,옥수수
잡곡류,402,조,40297,차조
잡곡류,403,수수,40398,수수
잡곡류,405,기장,40598,기장
잡곡류,405,기장,40599,기타
서류,501,감자,50123,히카마
서류,501,감자,50124,깐감자
서류,502,고구마,50208,당근고구마
서류,502,고구마,50209,건고구마
서류,502,고구마,50297,밤고구마
서류,502,고구마,50298,고구마
과실류,601,사과,60162,대홍
과실류,601,사과,60163,자홍
과실류,601,사과,60164,희상
과실류,601,사과,60165,레드골드
과실류,601,사과,60167,월향
과실류,601,사과,60168,홍무
과실류,601,사과,60169,호노까
과실류,601,사과,60170,나가후
과실류,601,사과,60171,나까오
과실류,601,사과,60172,로얄후지
과실류,601,사과,60173,만월
과실류,601,사과,60174,무대
과실류,601,사과,60175,메구미
과실류,601,사과,60176,미야비
과실류,601,사과,60177,부광
과실류,601,사과,60178,줄라이레드
과실류,601,사과,60179,아이다레드
과실류,601,사과,60180,앙림
과실류,601,사과,60181,하크나인
과실류,601,사과,60182,챔피온
과실류,601,사과,60183,홍아이카
과실류,601,사과,60184,홍추
과실류,601,사과,60185,뉴히로사끼
과실류,601,사과,60186,명월
과실류,601,사과,60187,하쯔쓰가루
과실류,601,사과,60188,코린
과실류,601,사과,60189,왕림
과실류,601,사과,60190,소백3호
과실류,601,사과,60191,추홍
과실류,602,배,60231,국수
과실류,602,배,60232,한아름
과실류,602,배,60233,만풍
과실류,602,배,60234,돌배
과실류,602,배,60235,임금
양채류,1312,칼리플라워(꽃양배추),131298,칼리플라워
약용작물류,1924,황기,192498,황기
약용작물류,1928,구기자,192898,구기자
약용작물류,1928,구기자,192899,기타
약용작물류,1930,오미자,193098,오미자
약용작물류,1935,오가피,193598,오가피
약용작물류,1935,오가피,193599,기타
약용작물류,19T2,피마자,19T299,기타
약용작물류,19U3,호초(후추),19U399,기타
화목류,2008,동백나무,200899,기타
화목류,2013,무궁화,201399,기타
화목류,2029,쟈스민,202999,기타
화목류,2033,철쭉,203399,기타
초화류,2102,가자니아,210299,기타
초화류,2104,고데치아,210499,기타
초화류,2105,과꽃,210599,기타
초화류,2106,글록시니아,210699,기타
초화류,2123,루피너스,212399,기타
초화류,2126,메리골드,212699,기타
초화류,2129,백일홍,212999,기타
초화류,2130,버베나,213099,기타
초화류,2131,봉선화,213199,기타
초화류,2136,석죽,213699,기타
초화류,2150,오색고추,215099,기타
초화류,2154,임파티엔스,215499,기타
초화류,2156,제라늄,215699,기타
초화류,2157,채송화,215799,기타
초화류,2160,캄파뉼라,216099,기타
초화류,2162,코스모스,216299,기타
초화류,2167,팬지,216799,기타
초화류,2168,페튜니아,216899,기타
초화류,2171,프리뮬러,217199,기타
초화류,2180,델피늄,218099,기타
초화류,2195,채소,219599,기타
초화류,21ZZ,기타,21ZZ99,기타
난류,2204,마스데발리야,220499,기타
난류,2205,밀토니야,220599,기타
난류,2206,반다,220699,기타
약용작물류,1946,계피,194698,계피
약용작물류,1948,옻,194899,기타
약용작물류,1989,연자,198999,기타
약용작물류,1999,과루인(하늘타리),199999,기타
약용작물류,19A8,홍화(잇꽃),19A899,기타
약용작물류,19B4,감초,19B498,감초
약용작물류,19H3,복령,19H399,기타
약용작물류,19I9,사과,19I999,기타
약용작물류,19N8,육두구,19N899,기타
약용작물류,19O9,저근백피,19O999,기타
약용작물류,1924,황기,192499,기타
구근류,2544,히야신스,254499,기타
관엽식물류,2607,디지고데카,260799,기타
관엽식물류,2610,베고니아,261099,기타
관엽식물류,2628,아스파라거스,262899,기타
관엽식물류,2630,아이비,263099,기타
관엽식물류,2637,옥살리스,263799,기타
관엽식물류,2638,익소라,263899,기타
관엽식물류,2643,커피나무,264399,기타
관엽식물류,2651,페페로미아,265199,기타
관엽식물류,2653,포인세티아,265399,기타
관엽식물류,2663,호야,266399,기타
관엽식물류,2664,후쿠시아,266499,기타
관엽식물류,26ZZ,기타,26ZZ99,기타
기타화훼,2802,허브,280299,기타
기타화훼,28ZZ,기타,28ZZ99,기타
수목류,3001,낙엽관목류,300147,뽕나무
구근류,2518,시클라멘,251899,기타
구근류,2520,아네모네,252099,기타
구근류,2532,칼라,253299,기타
구근류,2535,크로커스,253599,기타
양채류,1339,공심채,133901,공심채(일반)
양채류,1340,잎당귀,134001,잎당귀(일반)
양채류,1341,레드케비취,134101,레드케비취(일반)
양채류,1342,설채,134201,설채(일반)
양채류,1343,누룩치,134301,누룩치(일반)
산채류,1408,마,140809,둥근마
산채류,1426,엉겅퀴,142601,엉겅퀴(일반)
산채류,1427,에이스컨,142701,에이스컨(일반)
산채류,1428,벨지움,142801,벨지움(일반)
산채류,1429,사라다볼,142901,사라다볼(일반)
산채류,1430,배청채,143001,배청채(일반)
산채류,1431,새발나물,143101,새발나물(일반)
산채류,1432,산나물,143201,산나물(일반)
산채류,1433,미역취나물,143301,미역취나물(일반)
산채류,1434,곰반부리나물,143401,곰반부리나물(일반)
산채류,1435,개망초나물,143501,개망초나물(일반)
산채류,1436,유채나물,143601,유채나물(일반)
산채류,1499,기타,149912,영아자
산채류,1499,기타,149913,짚신나물
산채류,1499,기타,149914,삼잎국화나물
산채류,1499,기타,149915,어수리나물
산채류,1499,기타,149916,삿갓나물
산채류,1499,기타,149917,병풍취
약용작물류,1928,구기자,192803,구기자순
약용작물류,1935,오가피,193503,오가피순
약용작물류,19W0,산양삼,19W001,수삼
약용작물류,19W0,산양삼,19W002,백삼
약용작물류,19W0,산양삼,19W003,홍삼
약용작물류,19W0,산양삼,19W004,기타
약용작물류,19W4,아마,19W401,아마(일반)
약용작물류,19W5,산악,19W501,산악(일반)
약용작물류,19W6,치커리뿌리(일반),19W601,치커리뿌리(일반)
난류,2222,양란,222201,양란(일반)
관엽식물류,26G6,허브,26G601,허브(일반)
관엽식물류,26G6,허브,26G602,골드타임
관엽식물류,26G6,허브,26G603,골든레몬타임
관엽식물류,26G6,허브,26G604,구문초
관엽식물류,26G6,허브,26G605,데코롱
관엽식물류,26G6,허브,26G606,라벤다
관엽식물류,26G6,허브,26G607,레몬바베나
관엽식물류,26G6,허브,26G608,레몬밤
관엽식물류,26G6,허브,26G609,레몬타임
관엽식물류,26G6,허브,26G610,로즈마리
관엽식물류,26G6,허브,26G611,로즈제라늄
관엽식물류,26G6,허브,26G612,보세나
관엽식물류,26G6,허브,26G613,서양톱풀
관엽식물류,26G6,허브,26G614,알파인
관엽식물류,26G6,허브,26G615,애플민트
관엽식물류,26G6,허브,26G616,야로우
관엽식물류,26G6,허브,26G617,쵸코제랴늄
관엽식물류,26G6,허브,26G618,캔들
관엽식물류,26G6,허브,26G619,캔들걸이
관엽식물류,26G6,허브,26G620,캔들프렌트
관엽식물류,26G6,허브,26G621,클리핑로즈마리
관엽식물류,26G6,허브,26G622,타임
관엽식물류,26G6,허브,26G623,트리칼라세이지
관엽식물류,26G6,허브,26G624,파인애플세이지
관엽식물류,26G6,허브,26G625,허브고추
관엽식물류,26G6,허브,26G626,헬리오트로트
관엽식물류,26G6,허브,26G627,라벤사
관엽식물류,26G6,허브,26G628,혼합
관엽식물류,26G6,허브,26G629,스테비아
관엽식물류,26G6,허브,26G630,레몬그라스
관엽식물류,26G6,허브,26G631,챠빌
관엽식물류,26G6,허브,26G632,오레가노
관엽식물류,26G6,허브,26G633,바질
관엽식물류,26G6,허브,26G699,기타
관엽식물류,26G7,야생화,26G701,벌개미취
관엽식물류,26G7,야생화,26G702,바위취
관엽식물류,26G7,야생화,26G703,비비추
관엽식물류,26G7,야생화,26G704,구절초
관엽식물류,26G7,야생화,26G705,붓꽃
관엽식물류,26G7,야생화,26G706,감국
관엽식물류,26G7,야생화,26G707,쑥부쟁이
관엽식물류,26G7,야생화,26G708,금불초
관엽식물류,26G7,야생화,26G709,부용
관엽식물류,26G7,야생화,26G710,섬기린초
관엽식물류,26G7,야생화,26G711,수련
관엽식물류,26G7,야생화,26G712,노루오줌
관엽식물류,26G7,야생화,26G713,물래나물
관엽식물류,26G7,야생화,26G714,은방울꽃
관엽식물류,26G7,야생화,26G715,돌나물
관엽식물류,26G7,야생화,26G716,할미꽃
관엽식물류,26G7,야생화,26G717,매발톱
관엽식물류,26G7,야생화,26G718,동의나물
관엽식물류,26G7,야생화,26G719,개부처손
관엽식물류,26G7,야생화,26G720,거미바위솔
관엽식물류,26G7,야생화,26G721,거미줄바위연
관엽식물류,26G7,야생화,26G722,기생란
관엽식물류,26G7,야생화,26G723,노부단
관엽식물류,26G7,야생화,26G724,달개비
관엽식물류,26G7,야생화,26G725,돌담초
관엽식물류,26G7,야생화,26G726,돌채송화
관엽식물류,26G7,야생화,26G727,둥글레
관엽식물류,26G7,야생화,26G728,만병초
관엽식물류,26G7,야생화,26G729,무늬둥글레
관엽식물류,26G7,야생화,26G730,무늬비비추
관엽식물류,26G7,야생화,26G731,무지개비름꽃
관엽식물류,26G7,야생화,26G732,바위솔
관엽식물류,26G7,야생화,26G733,백설
관엽식물류,26G7,야생화,26G734,백화등
관엽식물류,26G7,야생화,26G735,복꽈리
관엽식물류,26G7,야생화,26G736,복수초
관엽식물류,26G7,야생화,26G737,불로초
관엽식물류,26G7,야생화,26G738,기린초
관엽식물류,26G7,야생화,26G739,산마늘
관엽식물류,26G7,야생화,26G740,새우란
관엽식물류,26G7,야생화,26G741,설란
관엽식물류,26G7,야생화,26G742,설화
관엽식물류,26G7,야생화,26G743,세돔
관엽식물류,26G7,야생화,26G744,실란
관엽식물류,26G7,야생화,26G745,암담초
관엽식물류,26G7,야생화,26G746,용설난
관엽식물류,26G7,야생화,26G747,우만동자
관엽식물류,26G7,야생화,26G748,우산나물
관엽식물류,26G7,야생화,26G749,자주구슬초
관엽식물류,26G7,야생화,26G750,자주빛달개비(일반)
관엽식물류,26G7,야생화,26G751,족도리꽃
관엽식물류,26G7,야생화,26G752,초설
관엽식물류,26G7,야생화,26G753,창포미인
관엽식물류,26G7,야생화,26G754,천남성
관엽식물류,26G7,야생화,26G755,천냥금
관엽식물류,26G7,야생화,26G756,천상초
관엽식물류,26G7,야생화,26G757,청하국
양채류,1338,보혈채,133801,보혈채(일반)
관엽식물류,26G7,야생화,26G758,초롱꽃
관엽식물류,26G7,야생화,26G759,풍년초
관엽식물류,26G7,야생화,26G760,풍로초
관엽식물류,26G7,야생화,26G762,호랑이발톱
관엽식물류,26G7,야생화,26G763,홍설
관엽식물류,26G7,야생화,26G764,후륵스
관엽식물류,26G7,야생화,26G765,범의꼬리
관엽식물류,26G7,야생화,26G766,범부처
관엽식물류,26G7,야생화,26G767,세발나물
관엽식물류,26G7,야생화,26G768,곰방부리나물
관엽식물류,26G7,야생화,26G7ZZ,기타
관엽식물류,26G7,야생화,26G761,한라 우산나물
양채류,1329,커민,132901,커민
미곡류,106,현미,10609,쌀겨
과일과채류,801,수박,80114,수박(일반)(꼭지절단)
과일과채류,801,수박,80115,복수박(꼭지절단)
과일과채류,801,수박,80116,흑수박(꼭지절단)
과일과채류,801,수박,80117,꿀수박(꼭지절단)
산채류,1419,곤드레나물,141902,건곤드레나물
버섯류,1719,상황버섯,171902,건상황버섯
버섯류,1710,잎새,171003,잎새버섯
버섯류,1710,잎새,171004,건잎새버섯
잡곡류,407,율무,40704,발아율무
기타화훼,2802,허브,280229,티트리
기타화훼,2802,허브,280230,유칼립투스
특용작물류,1632,커피류,163201,생두
특용작물류,1632,커피류,163202,원두
과실류,604,복숭아,6.04E+09,신선
과실류,604,복숭아,6.04E+10,신비
과실류,604,복숭아,6.04E+11,천도신비
약용작물류,19V7,개오동나무,19V701,개오동나무
약용작물류,19V8,환삼덩굴,19V801,환삼덩굴
약용작물류,19V9,망초,19V901,망초
특용작물류,1628,차류,162807,연꽃
산채류,1425,눈개승마,142501,눈개승마(일반)
산채류,1425,눈개승마,142502,건눈개승마
양채류,1330,루꼴라,133001,루꼴라
양채류,1330,루꼴라,133002,와일드루꼴라
조미채소류,1210,생강,121011,소두구
약용작물류,1949,더덕,194901,더덕(일반)
약용작물류,1951,도라지(일반),195101,도라지(일반)
과실류,668,하스카프,66801,하스카프(일반)
조사료,5601,사료작물,560101,케나프
두류,399,기타,39904,타마린드
기타화훼,2802,허브,280231,레몬그라스
특용작물류,1603,땅콩,160304,마카다미아
양채류,1307,케일,130709,케일렛
특용작물류,1628,차류,162808,녹차꽃
버섯류,1725,백령버섯,172501,백령버섯(일반)
버섯류,1726,송화버섯,172601,송화버섯(일반)
버섯류,1726,송화버섯,172602,건송화버섯
특용작물류,1633,채소묘,163301,고추묘
화목류,2008,동백나무,200804,동백꽃
화목류,2008,동백나무,200805,동백잎
엽경채류,1063,어린잎,106301,어린잎채소
미곡류,103,쌀,10315,쌀눈
수목류,3001,낙엽관목류,300148,멀꿀
과실류,669,불수감,66901,불수감(일반)
과일과채류,803,토마토,80308,토마토묘
약용작물류,19O1,인삼,19O102,수경인삼
과일과채류,804,딸기,80431,금실
과채류,904,박,90403,하미과
산채류,1408,마,140808,열매마
엽경채류,1064,카이란,106401,카이란(일반)
과실류,670,흑노호,67001,흑노호(일반)
조미채소류,1217,할라피뇨,121701,할라피뇨(일반)
특용작물류,1634,레몬머틀,163401,레몬머틀
과실류,671,플럼코트,67101,플럼코트(일반)
과일과채류,801,수박,80118,애플수박
과채류,904,박,90404,여주(일반)
수목류,3002,낙엽교목류,300276,기름밤나무
특용작물류,1635,사차인치,163501,사차인치
약용작물류,19W2,삽주,19W201,삽주(일반)
맥류,203,밀,20303,호라산 밀(Khorasan Wheat)
약용작물류,19W3,멀꿀,19W301,멀꿀잎
약용작물류,19ZZ,기타,19ZZ04,뽕나무뿌리
미곡류,101,벼,10104,홍벼
과실류,603,포도,60336,샤인마스캇
조미채소류,1218,루바브,121801,루바브
약용작물류,19ZZ,기타,19ZZ05,꾸지뽕잎
서류,502,고구마,50210,풍원미
과실류,672,카무카무,67201,카무카무
미곡류,107,총체벼,10701,총체벼(일반)
양채류,1331,팍치라오,133101,팍치라오
양채류,1327,식용허브,132708,타이바질(호라파)
양채류,1332,타이가지,133201,타이가지
과실류,675,플루오트,67501,플루오트(일반)
과실류,676,구즈베리,67601,구즈베리
엽경채류,1065,귀리순,106501,귀리순
조미채소류,1209,마늘,120919,간(갈은)마늘
인삼류,1809,열매,180901,인삼열매
관엽식물류,2651,페페로미아,265111,에덴로소
숙근류,2455,비덴스,245501,비덴스(일반)
버섯류,1732,망태버섯,1732Y1,망태버섯
약용작물류,19ZZ,기타,19ZZ06,기타
과실류,601,사과,60192,아리수
과실류,601,사과,60193,시나노골드
조미채소류,1209,마늘,120922,햇마늘 대서
조미채소류,1209,마늘,120923,햇마늘 남도
조미채소류,1209,마늘,120932,저장형 대서
조미채소류,1209,마늘,130933,저장형 남도
조미채소류,1209,마늘,120941,깐마늘 한지
조미채소류,1209,마늘,120942,깐마늘 대서
조미채소류,1209,마늘,120943,깐마늘 남도
수실류,712,떫은감,71201,고종시
수실류,712,떫은감,71202,사곡시
수실류,712,떫은감,71203,연시
수실류,712,떫은감,71204,약시
수실류,712,떫은감,71205,반시
수실류,712,떫은감,71206,침시
수실류,712,떫은감,71207,충시
수실류,712,떫은감,71208,월하시
수실류,712,떫은감,71209,대봉시
수실류,712,떫은감,71210,도건
수실류,712,떫은감,71211,둥시
수실류,712,떫은감,71212,선사환
수실류,712,떫은감,71299,기타
수실류,713,곶감,71301,곶감(일반)
수실류,713,곶감,71302,상주곶감
수실류,713,곶감,71303,고산곶감
수실류,713,곶감,71304,감말랭이(곶감)
수실류,713,곶감,71305,반건시(곶감)
수실류,713,곶감,71306,함안곶감
수실류,713,곶감,71307,꽃반시
수실류,713,곶감,71398,곶감
수실류,713,곶감,71399,기타
미곡류,103,쌀,10316,발아유색미(기타)
미곡류,103,쌀,10317,발아흑미
미곡류,104,찹쌀,10403,발아찰현미
미곡류,105,찰벼,10502,흑벼
미곡류,105,찰벼,10503,찰흑벼
맥류,201,보리,20106,검정보리
맥류,201,보리,20198,볶은보리
맥류,203,밀,20304,새싹밀
맥류,203,밀,20305,스펠트밀
맥류,204,밀쌀,20401,밀쌀(일반)
맥류,206,귀리,20602,귀리순
두류,301,콩,30121,서목태
두류,305,강낭콩,30506,넝쿨콩
두류,307,잠두,30701,잠두(일반)
두류,308,칼콩,30801,칼콩(일반)
두류,309,제비콩,30901,제비콩(일반)
두류,310,병아리콩,31001,병아리콩(일반)
두류,311,렌틸콩,31101,렌틸콩(일반)
잡곡류,401,옥수수,40196,옥수수수염
잡곡류,401,옥수수,40197,볶은옥수수
잡곡류,402,조,40298,조
잡곡류,499,기타,49901,아마란스
서류,501,감자,50125,아피오스
과실류,601,사과,60194,루비에스
과실류,602,배,60236,신화
과실류,602,배,60237,창조
과실류,602,배,60238,슈퍼골드
과실류,614,감귤,61417,홍미향
과실류,618,오렌지,61810,타로코 오렌지
과실류,636,망고,63602,애플망고
과실류,652,잭프룻,65201,잭프룻(일반)
과실류,659,블루베리,65902,하니베리
과실류,677,체리자두,67701,체리자두(일반)
과실류,678,구스베리,67801,구스베리(일반)
과실류,679,구스베리,67802,케이프구스베리
과실류,680,구아바,68001,구아바(일반)
과실류,681,깔라만시,68101,깔라만시(일반)
수실류,710,피칸,71001,피칸(일반)
수실류,711,캐슈넛,71101,캐슈넛(일반)
과채류,902,호박,90215,미니밤호박
과채류,902,호박,60296,호박고지
엽경채류,1005,상추,100515,이자트릭스
엽경채류,1005,상추,100516,이자벨
엽경채류,1005,상추,100517,멀티립
엽경채류,1005,상추,100518,살라노바
엽경채류,1005,상추,100519,로즈케일
엽경채류,1010,부추,101004,두메부추
엽경채류,1030,쑥,103002,개똥쑥
엽경채류,1031,청경채,103102,다청채
엽경채류,1031,청경채,103103,채심
엽경채류,1031,청경채,103104,적채심
엽경채류,1051,쌈추,105102,적쌈추
엽경채류,1064,다채,106402,적다채
엽경채류,1066,루콜라,106601,루콜라(일반)
엽경채류,1067,부지깽이,106701,부지깽이
엽경채류,1099,기타,109902,배무채
엽경채류,1099,기타,109903,밀순
엽경채류,1099,기타,109904,구와바잎
엽경채류,1099,기타,109905,소송채
양채류,1301,양상추,130115,버터헤드
양채류,1333,라디초우,133301,라디초우(일반)
양채류,1333,라디초우,133302,라디초우
양채류,1334,쌈채,133401,쌈채(일반)
양채류,1334,쌈채,133402,모듬쌈채
양채류,1335,조나,133501,조나(일반)
양채류,1336,미니코스,133601,미니코스(일반)
양채류,1337,홍현채,133701,홍현채(일반)
숙근류,2428,카네이션(스프레이),242837,알부토
숙근류,2428,카네이션(스프레이),242838,엔젤
숙근류,2428,카네이션(스프레이),242839,엘시
숙근류,2428,카네이션(스프레이),242840,오팔
숙근류,2428,카네이션(스프레이),242841,웨스트다이아몬드
숙근류,2428,카네이션(스프레이),242842,웨스트로지
숙근류,2428,카네이션(스프레이),242843,웨스트체리
숙근류,2428,카네이션(스프레이),242844,웨스트펄
숙근류,2428,카네이션(스프레이),242845,이구게니아
숙근류,2428,카네이션(스프레이),242846,이디
숙근류,2428,카네이션(스프레이),242847,이즈핑크
숙근류,2428,카네이션(스프레이),242848,잭포트
숙근류,2428,카네이션(스프레이),242849,체리환타지아
숙근류,2428,카네이션(스프레이),242850,카미트
숙근류,2428,카네이션(스프레이),242851,카사블랑카
숙근류,2428,카네이션(스프레이),242852,코티나
숙근류,2428,카네이션(스프레이),242853,쿠라카오
숙근류,2428,카네이션(스프레이),242854,크리스탈
숙근류,2428,카네이션(스프레이),242855,테지노
숙근류,2428,카네이션(스프레이),242856,핑크로렌드
숙근류,2428,카네이션(스프레이),242857,핑크바바라
숙근류,2428,카네이션(스프레이),242858,핑크카미트
숙근류,2428,카네이션(스프레이),242859,해피카미트
숙근류,2428,카네이션(스프레이),242860,가을
숙근류,2428,카네이션(스프레이),242861,가이니
숙근류,2428,카네이션(스프레이),242862,건시옐로우
숙근류,2428,카네이션(스프레이),242863,구엔쎄이열로우
숙근류,2428,카네이션(스프레이),242864,그라파티
숙근류,2428,카네이션(스프레이),242865,그리셀타
숙근류,2428,카네이션(스프레이),242866,글리버
숙근류,2428,카네이션(스프레이),242867,까리니
숙근류,2428,카네이션(스프레이),242868,깐비오
숙근류,2428,카네이션(스프레이),242869,나나
숙근류,2428,카네이션(스프레이),242870,나비
숙근류,2428,카네이션(스프레이),242871,나이트
숙근류,2428,카네이션(스프레이),242872,노드릭
숙근류,2428,카네이션(스프레이),242873,뉴리
숙근류,2428,카네이션(스프레이),242874,다이루
숙근류,2428,카네이션(스프레이),242875,다이아몬드
숙근류,2428,카네이션(스프레이),242876,다크마크
숙근류,2428,카네이션(스프레이),242877,단톤
숙근류,2428,카네이션(스프레이),242878,댄디
숙근류,2428,카네이션(스프레이),242879,두랑고
숙근류,2428,카네이션(스프레이),242880,듀플로
숙근류,2428,카네이션(스프레이),242881,디노
숙근류,2428,카네이션(스프레이),242882,디바
숙근류,2428,카네이션(스프레이),242883,라이트핑크
숙근류,2428,카네이션(스프레이),242884,라피네
숙근류,2428,카네이션(스프레이),242885,란스
숙근류,2428,카네이션(스프레이),242886,랙세라
숙근류,2428,카네이션(스프레이),242887,랩소디
숙근류,2428,카네이션(스프레이),242888,레가타
숙근류,2428,카네이션(스프레이),242889,레드바바라
숙근류,2428,카네이션(스프레이),242890,레드에로우
숙근류,2428,카네이션(스프레이),242891,레드테시노
숙근류,2428,카네이션(스프레이),242892,레이코
숙근류,2428,카네이션(스프레이),242893,렌드즈보스
숙근류,2428,카네이션(스프레이),242894,로레나
숙근류,2428,카네이션(스프레이),242895,로버트
숙근류,2428,카네이션(스프레이),242896,로시타
숙근류,2428,카네이션(스프레이),242897,로얄테시노
숙근류,2428,카네이션(스프레이),242898,리오
숙근류,2428,카네이션(스프레이),242899,마데리아
숙근류,2428,카네이션(스프레이),2428A0,마르셀라
숙근류,2428,카네이션(스프레이),2428A1,마리스마
숙근류,2428,카네이션(스프레이),2428A2,마타로
숙근류,2428,카네이션(스프레이),2428A3,메이프
숙근류,2428,카네이션(스프레이),2428A4,멜로사
숙근류,2428,카네이션(스프레이),2428A5,모시다
숙근류,2428,카네이션(스프레이),2428A6,미스타니아
숙근류,2428,카네이션(스프레이),2428A7,미스테리
숙근류,2428,카네이션(스프레이),2428A8,미아미
숙근류,2428,카네이션(스프레이),2428A9,미키
숙근류,2428,카네이션(스프레이),2428B0,밍크
숙근류,2428,카네이션(스프레이),2428B1,바나
숙근류,2428,카네이션(스프레이),2428B2,바리톤
숙근류,2428,카네이션(스프레이),2428B3,바실리스
숙근류,2428,카네이션(스프레이),2428B4,발렌타인
숙근류,2428,카네이션(스프레이),2428B5,베가
숙근류,2428,카네이션(스프레이),2428B6,베로나
숙근류,2428,카네이션(스프레이),2428B7,베리
숙근류,2428,카네이션(스프레이),2428B8,베이직
숙근류,2428,카네이션(스프레이),2428B9,벨라
숙근류,2428,카네이션(스프레이),2428C0,벨라루치
숙근류,2428,카네이션(스프레이),2428C1,벨벧
숙근류,2428,카네이션(스프레이),2428C2,보산스카
숙근류,2428,카네이션(스프레이),2428C3,브지락
숙근류,2428,카네이션(스프레이),2428C4,블루매직
숙근류,2428,카네이션(스프레이),2428C5,비치
숙근류,2428,카네이션(스프레이),2428C6,빅토르
숙근류,2428,카네이션(스프레이),2428C7,사랑별
숙근류,2428,카네이션(스프레이),2428C8,샤르망
숙근류,2428,카네이션(스프레이),2428C9,세레라
숙근류,2428,카네이션(스프레이),2428D0,세레아
숙근류,2428,카네이션(스프레이),2428D1,셉테스
숙근류,2428,카네이션(스프레이),2428D2,소피아바바라
숙근류,2428,카네이션(스프레이),2428D3,솔라시스
숙근류,2428,카네이션(스프레이),2428D4,솔라치아로
숙근류,2428,카네이션(스프레이),2428D5,스마라그드
숙근류,2428,카네이션(스프레이),2428D6,스카이
숙근류,2428,카네이션(스프레이),2428D7,스칼렛퀸
숙근류,2428,카네이션(스프레이),2428D8,스타카토
숙근류,2428,카네이션(스프레이),2428D9,스팩트로
숙근류,2428,카네이션(스프레이),2.43E+03,콜스
숙근류,2428,카네이션(스프레이),2.43E+04,시그마
숙근류,2428,카네이션(스프레이),2.43E+05,시몬
숙근류,2428,카네이션(스프레이),242836,알리스터
숙근류,2428,카네이션(스프레이),2.43E+07,신토니아
숙근류,2428,카네이션(스프레이),2.43E+08,썬빔
숙근류,2428,카네이션(스프레이),2.43E+09,아니스타
숙근류,2428,카네이션(스프레이),2.43E+10,아루바
숙근류,2428,카네이션(스프레이),2.43E+11,아리안나
숙근류,2428,카네이션(스프레이),2.43E+12,아밀리트
숙근류,2428,카네이션(스프레이),2428F0,아벨로
숙근류,2428,카네이션(스프레이),2428F1,아연시
숙근류,2428,카네이션(스프레이),2428F2,아이보리
숙근류,2428,카네이션(스프레이),2428F3,아이차
숙근류,2428,카네이션(스프레이),2428F4,아인시
숙근류,2428,카네이션(스프레이),2428F5,아카디아
숙근류,2428,카네이션(스프레이),2428F6,안달로즈
숙근류,2428,카네이션(스프레이),2428F7,안타루사
숙근류,2428,카네이션(스프레이),2428F8,알바도로스
숙근류,2428,카네이션(스프레이),2428F9,알버트
숙근류,2428,카네이션(스프레이),2428G0,에로테
숙근류,2428,카네이션(스프레이),2428G1,에비타
숙근류,2428,카네이션(스프레이),2428G2,에포카
숙근류,2428,카네이션(스프레이),2428G3,엑소티까
숙근류,2428,카네이션(스프레이),2428G4,엔게리
숙근류,2428,카네이션(스프레이),2428G5,엘리트
숙근류,2428,카네이션(스프레이),2428G6,옐로테시노
숙근류,2428,카네이션(스프레이),2428G7,오로라
숙근류,2428,카네이션(스프레이),2428G8,오마리요
숙근류,2428,카네이션(스프레이),2428G9,오팔레
숙근류,2428,카네이션(스프레이),2428H0,온데리아
숙근류,2428,카네이션(스프레이),2428H1,온델리아
숙근류,2428,카네이션(스프레이),2428H2,옵티마
숙근류,2428,카네이션(스프레이),2428H3,웨스트
숙근류,2428,카네이션(스프레이),2428H4,윌리
숙근류,2428,카네이션(스프레이),2428H5,유리
숙근류,2428,카네이션(스프레이),2428H6,이리자
숙근류,2428,카네이션(스프레이),2428H7,이카루스
숙근류,2428,카네이션(스프레이),2428H8,인터메조
숙근류,2428,카네이션(스프레이),2428H9,제리
숙근류,2428,카네이션(스프레이),2428I0,지크
숙근류,2428,카네이션(스프레이),2428I1,차리나
숙근류,2428,카네이션(스프레이),2428I2,챌린저
숙근류,2428,카네이션(스프레이),2428I3,체리
숙근류,2428,카네이션(스프레이),2428I4,체리마리아
숙근류,2428,카네이션(스프레이),2428I5,체리솔라
숙근류,2428,카네이션(스프레이),2428I6,체리인터메조
숙근류,2428,카네이션(스프레이),2428I7,체리테시노
숙근류,2428,카네이션(스프레이),2428I8,축제
숙근류,2428,카네이션(스프레이),2428I9,카나다
숙근류,2428,카네이션(스프레이),2428J0,카네기
숙근류,2428,카네이션(스프레이),2428J1,카니발
숙근류,2428,카네이션(스프레이),2428J2,카르타게냐
숙근류,2428,카네이션(스프레이),2428J3,카르타고
숙근류,2428,카네이션(스프레이),2428J4,카리니
숙근류,2428,카네이션(스프레이),2428J5,카브리오
숙근류,2428,카네이션(스프레이),2428J6,카스콘
숙근류,2428,카네이션(스프레이),2428J7,카타지나
숙근류,2428,카네이션(스프레이),2428J8,카투체
숙근류,2428,카네이션(스프레이),2428J9,카프리
숙근류,2428,카네이션(스프레이),2428K0,카필드
숙근류,2428,카네이션(스프레이),2428K1,칼바
숙근류,2428,카네이션(스프레이),2428K2,캐사
숙근류,2428,카네이션(스프레이),2428K3,컴푸리먼트
숙근류,2428,카네이션(스프레이),2428K4,케샘
숙근류,2428,카네이션(스프레이),2428K5,코레노
숙근류,2428,카네이션(스프레이),2428K6,크라피트
숙근류,2428,카네이션(스프레이),2428K7,크레카오
숙근류,2428,카네이션(스프레이),2428K8,크림인터메조
숙근류,2428,카네이션(스프레이),2428K9,킹
숙근류,2428,카네이션(스프레이),2428L0,터보
숙근류,2428,카네이션(스프레이),2428L1,테마
숙근류,2428,카네이션(스프레이),2428L2,텔벨
숙근류,2428,카네이션(스프레이),2428L3,트랜디체리
숙근류,2428,카네이션(스프레이),2428L4,트랜디테시노
숙근류,2428,카네이션(스프레이),2428L5,파노라마
숙근류,2428,카네이션(스프레이),2428L6,파비
숙근류,2428,카네이션(스프레이),2428L7,파소아
숙근류,2428,카네이션(스프레이),2428L8,파울린
숙근류,2428,카네이션(스프레이),2428L9,팜파눌라
숙근류,2428,카네이션(스프레이),2428M0,퍼비
숙근류,2428,카네이션(스프레이),2428M1,페리아
숙근류,2428,카네이션(스프레이),2428M2,폰타나
숙근류,2428,카네이션(스프레이),2428M3,푸에고
숙근류,2428,카네이션(스프레이),2428M4,프란시스
숙근류,2428,카네이션(스프레이),2428M5,프레임
숙근류,2428,카네이션(스프레이),2428M6,플러스
숙근류,2428,카네이션(스프레이),2428M7,플루엣
숙근류,2428,카네이션(스프레이),2428M8,플루트
숙근류,2428,카네이션(스프레이),2428M9,피가로
숙근류,2428,카네이션(스프레이),2428N0,피닉스
숙근류,2428,카네이션(스프레이),2428N1,피버
숙근류,2428,카네이션(스프레이),2428N2,피치
숙근류,2428,카네이션(스프레이),2428N3,피치인터메조
숙근류,2428,카네이션(스프레이),2428N4,필란드
숙근류,2428,카네이션(스프레이),2428N5,필링
숙근류,2428,카네이션(스프레이),2428N6,핑크라이트
숙근류,2428,카네이션(스프레이),2428N7,해피니스
숙근류,2428,카네이션(스프레이),2428N8,허니
숙근류,2428,카네이션(스프레이),2428N9,헤레나
숙근류,2428,카네이션(스프레이),2428O0,환타지아
숙근류,2428,카네이션(스프레이),2428O1,나타리아
숙근류,2428,카네이션(스프레이),2428O2,더터
숙근류,2428,카네이션(스프레이),2428O3,로자
숙근류,2428,카네이션(스프레이),2428O4,마이로
숙근류,2428,카네이션(스프레이),2428O5,볼카노
숙근류,2428,카네이션(스프레이),2428O6,쏘우사
숙근류,2428,카네이션(스프레이),2428O7,오렌지트림프
숙근류,2428,카네이션(스프레이),2428O8,카파
숙근류,2428,카네이션(스프레이),2428ZZ,기타
숙근류,2429,카네이션(기타),242901,카네이션(일반)
숙근류,2428,카네이션(스프레이),2.43E+06,시티레
숙근류,2434,트리토마,243401,트리토마(일반)
숙근류,2442,공작초,244201,공작초(일반)
숙근류,2442,공작초,244202,공작아스타
숙근류,2442,공작초,244203,다크밀카
숙근류,2442,공작초,244204,미켈마우스
숙근류,2442,공작초,244205,백공작
숙근류,2442,공작초,244206,보라
숙근류,2442,공작초,244207,시니나
숙근류,2442,공작초,244208,신디
숙근류,2442,공작초,244209,아스타
숙근류,2442,공작초,244210,안개공작초
숙근류,2442,공작초,244211,윈스턴처칠
숙근류,2442,공작초,244212,청공작
숙근류,2442,공작초,244213,카르밀밀카
숙근류,2442,공작초,244214,크리스탈
숙근류,2442,공작초,244215,패터슨화이트
숙근류,2442,공작초,244216,핑크
숙근류,2442,공작초,244217,홍공작
숙근류,2445,부들,244501,부들(일반)
숙근류,2449,억새,244901,억세풀
숙근류,2451,잔디,245101,금잔디
숙근류,2451,잔디,245102,한국잔디
구근류,2501,글라디올러스,250101,나폴리
구근류,2501,글라디올러스,250102,노바룩스
구근류,2501,글라디올러스,250103,레드뷰티
구근류,2501,글라디올러스,250104,마가렛
구근류,2501,글라디올러스,250105,마가렛로즈
구근류,2501,글라디올러스,250106,마스카니
구근류,2501,글라디올러스,250107,뷰티
구근류,2501,글라디올러스,250108,브리셀라
구근류,2501,글라디올러스,250109,빅타보그
구근류,2501,글라디올러스,250110,스픽앤드스판
구근류,2501,글라디올러스,250111,암스테르담
구근류,2501,글라디올러스,250112,윈드송
구근류,2501,글라디올러스,250113,제시카
구근류,2501,글라디올러스,250114,참사랑
구근류,2501,글라디올러스,250115,프리실라
구근류,2501,글라디올러스,250116,핑크레이디
구근류,2501,글라디올러스,250117,핑크로즈
구근류,2501,글라디올러스,250118,헌팅송
구근류,2501,글라디올러스,250119,화이트고데스
구근류,2501,글라디올러스,250120,화이트프로스페리티
구근류,2501,글라디올러스,250121,화이트후렌드쉽
구근류,2501,글라디올러스,250122,후렌드쉽
구근류,2501,글라디올러스,250123,고데스
구근류,2501,글라디올러스,250124,골드
구근류,2501,글라디올러스,250125,골드필드
구근류,2501,글라디올러스,250126,그린스타
구근류,2501,글라디올러스,250127,뉴스판
구근류,2501,글라디올러스,250128,다이아몬드
구근류,2501,글라디올러스,250129,로즈슈퍼미
구근류,2501,글라디올러스,250130,로즈와인
구근류,2501,글라디올러스,250131,모닝골드
구근류,2501,글라디올러스,250132,베이지
구근류,2501,글라디올러스,250133,베이징
구근류,2501,글라디올러스,250134,복가시
구근류,2501,글라디올러스,250135,부라보
구근류,2501,글라디올러스,250136,부팅
구근류,2501,글라디올러스,250137,산세리
구근류,2501,글라디올러스,250138,스타시
구근류,2501,글라디올러스,250139,이브이숑
구근류,2501,글라디올러스,250140,잭슨골드
구근류,2501,글라디올러스,250141,잭슨빌골드
구근류,2501,글라디올러스,250142,치농
구근류,2501,글라디올러스,250143,카르타고
구근류,2501,글라디올러스,250144,탑시크리트
구근류,2501,글라디올러스,250145,토파즈
구근류,2501,글라디올러스,250146,투르러브
구근류,2501,글라디올러스,250147,핑크다이아몬드
구근류,2501,글라디올러스,250148,혼합
구근류,2501,글라디올러스,250149,화이어브렌드
구근류,2501,글라디올러스,250150,화이트
구근류,2501,글라디올러스,250151,화이트마운틴
구근류,2501,글라디올러스,250152,휘들리오
구근류,2501,글라디올러스,2501ZZ,기타
구근류,2502,글로리오사,250201,글로리오사(일반)
구근류,2503,다알리아,250301,글로리
구근류,2503,다알리아,250302,금성
구근류,2503,다알리아,250303,노랑
구근류,2503,다알리아,250304,라이언스
구근류,2503,다알리아,250305,미진
구근류,2503,다알리아,250306,바하
구근류,2503,다알리아,250307,에가오
구근류,2503,다알리아,250308,에딘버거
구근류,2503,다알리아,250309,옥보
구근류,2503,다알리아,250310,축배
구근류,2503,다알리아,250311,춘희
구근류,2503,다알리아,250312,환희
구근류,2503,다알리아,250313,경춘
구근류,2503,다알리아,250314,도춘
구근류,2503,다알리아,250315,보라
구근류,2503,다알리아,250316,복카스
구근류,2503,다알리아,250317,비을녀
구근류,2503,다알리아,250318,뽕뽕
구근류,2503,다알리아,250319,샤넬
구근류,2503,다알리아,250320,석양
구근류,2503,다알리아,250321,설국
구근류,2503,다알리아,250322,설희
구근류,2503,다알리아,250323,신장
구근류,2503,다알리아,250324,신천
구근류,2503,다알리아,250325,운용
구근류,2503,다알리아,250326,은세계
구근류,2503,다알리아,250327,일출
구근류,2503,다알리아,250328,조화
구근류,2503,다알리아,250329,퐁퐁
구근류,2503,다알리아,250330,화련
구근류,2503,다알리아,250331,화이트마리
구근류,2503,다알리아,2503ZZ,기타
구근류,2505,라넌큐라스,250501,라넌큐라스(일반)
구근류,2505,라넌큐라스,250502,레드
구근류,2505,라넌큐라스,250503,로즈핑크
구근류,2505,라넌큐라스,250504,복색
구근류,2505,라넌큐라스,250505,스카렛
구근류,2505,라넌큐라스,250506,옐로우
구근류,2505,라넌큐라스,250507,화이트
구근류,2506,리코리스,250601,리코리스(일반)
구근류,2507,무스카리,250701,무스카리(일반)
구근류,2508,백합(오리엔탈),250801,담브란치
구근류,2508,백합(오리엔탈),250802,르레브
구근류,2508,백합(오리엔탈),250803,마르코폴로
구근류,2508,백합(오리엔탈),250804,메디테라니
구근류,2508,백합(오리엔탈),250805,메로스타
구근류,2508,백합(오리엔탈),250806,모나리자
구근류,2508,백합(오리엔탈),250807,몬타나
숙근류,2429,카네이션(기타),242902,미니카네이션
구근류,2508,백합(오리엔탈),250808,몬트리올
구근류,2508,백합(오리엔탈),250809,베른
구근류,2508,백합(오리엔탈),250811,스타게이저
구근류,2508,백합(오리엔탈),250812,스피노자
구근류,2508,백합(오리엔탈),250813,시베리아
구근류,2508,백합(오리엔탈),250814,아카풀코
구근류,2508,백합(오리엔탈),250815,알함브라
구근류,2508,백합(오리엔탈),250816,엔카라
구근류,2508,백합(오리엔탈),250817,위도르
구근류,2508,백합(오리엔탈),250818,체리블라슴
구근류,2508,백합(오리엔탈),250819,카사블랑카
구근류,2508,백합(오리엔탈),250820,케스케이드
구근류,2508,백합(오리엔탈),250821,콘아모레
구근류,2508,백합(오리엔탈),250822,키스프루프
구근류,2508,백합(오리엔탈),250823,갈릴레오
구근류,2508,백합(오리엔탈),250824,나보나
구근류,2508,백합(오리엔탈),250825,나폴리
구근류,2508,백합(오리엔탈),250826,네트너
구근류,2508,백합(오리엔탈),250827,노블레스
구근류,2508,백합(오리엔탈),250828,뉴에이지
구근류,2508,백합(오리엔탈),250829,니키타
구근류,2508,백합(오리엔탈),250830,로아모레
구근류,2508,백합(오리엔탈),250831,로얄환타지
구근류,2508,백합(오리엔탈),250832,로자토
구근류,2508,백합(오리엔탈),250833,로지원더
구근류,2508,백합(오리엔탈),250834,르브르
구근류,2508,백합(오리엔탈),250835,마이애미
구근류,2508,백합(오리엔탈),250836,메두사
구근류,2508,백합(오리엔탈),250837,메론
구근류,2508,백합(오리엔탈),250838,메리델리사
구근류,2508,백합(오리엔탈),250839,메리텔레디
구근류,2508,백합(오리엔탈),250840,미렐타
구근류,2508,백합(오리엔탈),250841,바바레스코
구근류,2508,백합(오리엔탈),250842,베르가모
구근류,2508,백합(오리엔탈),250843,베르니리
구근류,2508,백합(오리엔탈),250844,벨가코어
구근류,2508,백합(오리엔탈),250845,벨파대
구근류,2508,백합(오리엔탈),250846,벨파스
구근류,2508,백합(오리엔탈),250847,비베이트
구근류,2508,백합(오리엔탈),250848,산드라
구근류,2508,백합(오리엔탈),250849,세미2호
구근류,2508,백합(오리엔탈),250850,소르본느
구근류,2508,백합(오리엔탈),250851,솔로본
구근류,2508,백합(오리엔탈),250852,스윙
구근류,2508,백합(오리엔탈),250853,스타멕스
구근류,2508,백합(오리엔탈),250854,스타화이터
구근류,2508,백합(오리엔탈),250855,심프론아반떼
구근류,2508,백합(오리엔탈),250856,아리나
구근류,2508,백합(오리엔탈),250857,아카믹스
구근류,2508,백합(오리엔탈),250858,알라스카
구근류,2508,백합(오리엔탈),250859,알비움
구근류,2508,백합(오리엔탈),250860,에어메일
구근류,2508,백합(오리엔탈),250861,에튜드
구근류,2508,백합(오리엔탈),250862,오리엔탈베르린
구근류,2508,백합(오리엔탈),250863,오리엔탈스피노자
구근류,2508,백합(오리엔탈),250864,우드립스메모리
구근류,2508,백합(오리엔탈),250865,우드립스
구근류,2508,백합(오리엔탈),250866,체리브론슨
구근류,2508,백합(오리엔탈),250867,카사게이트
구근류,2508,백합(오리엔탈),250868,카산드라
구근류,2508,백합(오리엔탈),250869,카토치
구근류,2508,백합(오리엔탈),250870,코나울
구근류,2508,백합(오리엔탈),250871,트라비코
구근류,2508,백합(오리엔탈),250872,티버
구근류,2508,백합(오리엔탈),250873,파라요가나
구근류,2508,백합(오리엔탈),250874,파소더볼
구근류,2508,백합(오리엔탈),250875,핑크프라이드
구근류,2508,백합(오리엔탈),250876,화이어폭스
구근류,2508,백합(오리엔탈),250877,화이트콤페이
구근류,2508,백합(오리엔탈),250878,화이트파소
구근류,2508,백합(오리엔탈),250879,페사로
구근류,2508,백합(오리엔탈),250880,심플론
구근류,2508,백합(오리엔탈),250881,로사토
구근류,2508,백합(오리엔탈),2508ZZ,기타
구근류,2509,백합(아시아틱),250901,골든메달
구근류,2509,백합(아시아틱),250902,골든멜로디
구근류,2509,백합(아시아틱),250903,그랜드크루
구근류,2509,백합(아시아틱),250904,그랜파라디소
구근류,2509,백합(아시아틱),250905,네팔
구근류,2509,백합(아시아틱),250906,노바센트
구근류,2509,백합(아시아틱),250907,드림랜드
구근류,2509,백합(아시아틱),250908,런던
구근류,2509,백합(아시아틱),250909,로마노
구근류,2509,백합(아시아틱),250910,마르세일니아
구근류,2509,백합(아시아틱),250911,메이컵
구근류,2509,백합(아시아틱),250912,모나
구근류,2509,백합(아시아틱),250913,몬테로사
구근류,2509,백합(아시아틱),250914,몬트렉스
구근류,2509,백합(아시아틱),250915,베아트릭스
구근류,2509,백합(아시아틱),250916,브르넬로
구근류,2509,백합(아시아틱),250917,비발디
구근류,2509,백합(아시아틱),250918,산시로
구근류,2509,백합(아시아틱),250919,솔레미오
구근류,2509,백합(아시아틱),250920,스노우스타
구근류,2509,백합(아시아틱),250921,시카고
구근류,2509,백합(아시아틱),250922,아비뇽
구근류,2509,백합(아시아틱),250923,아펠톤
구근류,2509,백합(아시아틱),250924,엔찬트먼트
구근류,2509,백합(아시아틱),250925,엘레트릭
구근류,2509,백합(아시아틱),250926,엘리트
구근류,2509,백합(아시아틱),250927,옐로자이언트
구근류,2509,백합(아시아틱),250928,이버플리아
구근류,2509,백합(아시아틱),250929,제네브
구근류,2509,백합(아시아틱),250930,치안티
구근류,2509,백합(아시아틱),250931,코네트컷팅
구근류,2509,백합(아시아틱),250932,코델리아
구근류,2509,백합(아시아틱),250933,콜롬보
구근류,2509,백합(아시아틱),250934,콤파스
구근류,2509,백합(아시아틱),250935,토스카나
구근류,2509,백합(아시아틱),250936,페사로
구근류,2509,백합(아시아틱),250937,폴리아나
구근류,2509,백합(아시아틱),250938,프라토
구근류,2509,백합(아시아틱),250939,핑크플로이드
구근류,2509,백합(아시아틱),250940,그랜드파크
구근류,2509,백합(아시아틱),250941,나포리
구근류,2508,백합(오리엔탈),250810,베를린
구근류,2509,백합(아시아틱),250943,덴부란츠
구근류,2509,백합(아시아틱),250944,레드
구근류,2509,백합(아시아틱),250945,레드나이트
구근류,2509,백합(아시아틱),250946,레베카
구근류,2509,백합(아시아틱),250947,로지다
구근류,2509,백합(아시아틱),250948,롯트혼
구근류,2509,백합(아시아틱),250949,루카
구근류,2509,백합(아시아틱),250950,마리가
구근류,2509,백합(아시아틱),250951,맨톤
구근류,2509,백합(아시아틱),250952,메달
구근류,2509,백합(아시아틱),250953,메르세데스
구근류,2509,백합(아시아틱),250954,모나코
구근류,2509,백합(아시아틱),250955,몬쟈
구근류,2509,백합(아시아틱),250956,몬테니그로
구근류,2509,백합(아시아틱),250957,몬테르
구근류,2509,백합(아시아틱),250958,몬트랙스
구근류,2509,백합(아시아틱),250959,몬티나
구근류,2509,백합(아시아틱),250960,몽블랑
구근류,2509,백합(아시아틱),250961,백봉
구근류,2509,백합(아시아틱),250962,브르노
구근류,2509,백합(아시아틱),250963,사리나
구근류,2509,백합(아시아틱),250964,사보이
구근류,2509,백합(아시아틱),250965,세레스
구근류,2509,백합(아시아틱),250966,소륜
구근류,2509,백합(아시아틱),250967,스카시
구근류,2509,백합(아시아틱),250968,스타링스타
구근류,2509,백합(아시아틱),250969,스타벨
구근류,2509,백합(아시아틱),250970,썬데이
구근류,2509,백합(아시아틱),250971,아델리나
구근류,2509,백합(아시아틱),250972,에스타
구근류,2509,백합(아시아틱),250973,엘칸토
구근류,2509,백합(아시아틱),250974,옐로우나리
구근류,2509,백합(아시아틱),250975,옐로우브레이즈
구근류,2509,백합(아시아틱),250976,오렌지마운틴
구근류,2509,백합(아시아틱),250977,올리드
구근류,2509,백합(아시아틱),250978,이스터
구근류,2509,백합(아시아틱),250979,자이언트
구근류,2509,백합(아시아틱),250980,조란다
구근류,2509,백합(아시아틱),250981,즈네브
구근류,2509,백합(아시아틱),250982,참나리
구근류,2509,백합(아시아틱),250983,천사
구근류,2509,백합(아시아틱),250984,청진황
구근류,2509,백합(아시아틱),250985,체리
구근류,2509,백합(아시아틱),250986,카리나
구근류,2509,백합(아시아틱),250987,케리
구근류,2509,백합(아시아틱),250988,코르시카
구근류,2509,백합(아시아틱),250989,코리나
구근류,2509,백합(아시아틱),250990,코모
구근류,2509,백합(아시아틱),250991,코토아주
구근류,2509,백합(아시아틱),250992,코티
구근류,2509,백합(아시아틱),250993,콜
구근류,2509,백합(아시아틱),250994,키스프로프
구근류,2509,백합(아시아틱),250995,티레노
구근류,2509,백합(아시아틱),250996,파라다스
구근류,2509,백합(아시아틱),250997,파마
구근류,2509,백합(아시아틱),250998,팔마
구근류,2509,백합(아시아틱),250999,페루기아
구근류,2509,백합(아시아틱),2509A0,포지타노
구근류,2509,백합(아시아틱),2509A1,폴리스
구근류,2509,백합(아시아틱),2509A2,화이어스타
구근류,2509,백합(아시아틱),2509A3,후랩
구근류,2509,백합(아시아틱),2509ZZ,기타
구근류,2510,백합(나팔나리),251001,겔리아
구근류,2510,백합(나팔나리),251002,라이잔
구근류,2510,백합(나팔나리),251003,로비아
구근류,2510,백합(나팔나리),251004,뢰산
구근류,2510,백합(나팔나리),251005,백녕
구근류,2510,백합(나팔나리),251006,스노우퀸
구근류,2510,백합(나팔나리),251007,오거스타
구근류,2510,백합(나팔나리),251008,은하2호
구근류,2510,백합(나팔나리),251009,조지아
구근류,2510,백합(나팔나리),251010,히노모토
구근류,2510,백합(나팔나리),251011,겔러리
구근류,2510,백합(나팔나리),251012,대륜
구근류,2510,백합(나팔나리),251013,미스파리
구근류,2510,백합(나팔나리),251014,산세리
구근류,2510,백합(나팔나리),251015,신나팔나리
구근류,2510,백합(나팔나리),251016,신종겔러리
구근류,2510,백합(나팔나리),251017,신철포
구근류,2510,백합(나팔나리),251018,철포
구근류,2510,백합(나팔나리),251019,화이트크론
구근류,2510,백합(나팔나리),251020,철원1호
구근류,2510,백합(나팔나리),2510ZZ,기타
구근류,2511,백합(기타),251101,백합(일반)
구근류,2513,수선,251301,골든하베스트
구근류,2513,수선,251302,가르자이언트
구근류,2513,수선,251303,양수선
구근류,2513,수선,251304,지나
구근류,2513,수선,251305,더치마스트
구근류,2513,수선,251306,떼떼
구근류,2513,수선,251307,마운트후드
구근류,2513,수선,251308,미니수선화
구근류,2513,수선,251309,방울
구근류,2513,수선,251310,빠렛트브로잉
구근류,2513,수선,251311,아이스폴리스
구근류,2513,수선,251312,제비
구근류,2513,수선,251313,제주수선
구근류,2513,수선,251314,킹알프렛
구근류,2513,수선,251315,특종
구근류,2513,수선,251316,페퍼화이트
구근류,2513,수선,251317,포츈
구근류,2513,수선,251318,왕수선화
구근류,2513,수선,251319,젯트파이어
구근류,2513,수선,2513ZZ,기타
구근류,2517,스파락시스,251701,스라팍시스(일반)
구근류,2518,시클라멘,251801,시클라멘(일반)
구근류,2518,시클라멘,251802,미니시클라멘
구근류,2520,아네모네,252001,아네모네(일반)
구근류,2520,아네모네,252002,모나크
구근류,2520,아네모네,252003,데칸
구근류,2520,아네모네,252004,끼리
구근류,2521,아마릴리스,252101,레드라이온
구근류,2521,아마릴리스,252102,스카렛레드
구근류,2521,아마릴리스,252103,애플블라섬
구근류,2521,아마릴리스,252104,피코티
구근류,2521,아마릴리스,2521ZZ,기타
구근류,2523,아이리스,252301,골든메달
구근류,2523,아이리스,252302,골든뷰티
구근류,2523,아이리스,252303,골든하베스트
구근류,2523,아이리스,252304,로얄옐로우
구근류,2523,아이리스,252305,블루다이아몬드
구근류,2523,아이리스,252306,블루매직
구근류,2509,백합(아시아틱),250942,노비아
구근류,2523,아이리스,252308,카사블랑카
구근류,2523,아이리스,252309,화이트엑셀샤
구근류,2523,아이리스,252310,골든임페리얼
구근류,2523,아이리스,252311,네셔날
구근류,2523,아이리스,252312,마돈나
구근류,2523,아이리스,252313,미란다
구근류,2523,아이리스,252314,블루리본
구근류,2523,아이리스,252315,블루스타
구근류,2523,아이리스,252316,블루스페샬
구근류,2523,아이리스,252317,스페샬
구근류,2523,아이리스,252318,임페리얼
구근류,2523,아이리스,252319,저먼아이리스
구근류,2523,아이리스,2523ZZ,기타
구근류,2526,알스트로메리아,252601,알스트로메리아(일반)
구근류,2527,오니소갈럼,252701,오니소갈럼(일반)
구근류,2528,익시아,252801,익시아(일반)
구근류,2531,칸나,253101,칸나(일반)
구근류,2532,칼라,253201,칼라(일반)
구근류,2532,칼라,253202,유색칼라
구근류,2532,칼라,253203,블랙매직
구근류,2532,칼라,253204,웨딩마치
구근류,2532,칼라,253205,이디오피아
구근류,2533,칼라디움,253301,칼라디움(일반)
구근류,2535,크로커스,253501,크로커스(일반)
구근류,2535,크로커스,253502,옐로우맘모스
구근류,2535,크로커스,253503,쟌다크
구근류,2535,크로커스,253504,픽웍
구근류,2537,튜울립,253701,가든파티
구근류,2537,튜울립,253702,간더
구근류,2537,튜울립,253703,골든뷰티
구근류,2537,튜울립,253704,골든아펠톤
구근류,2537,튜울립,253705,골든옥스포드
구근류,2537,튜울립,253706,돈키호테
구근류,2537,튜울립,253707,드부탄트
구근류,2537,튜울립,253708,리벤마크
구근류,2537,튜울립,253709,린반덴마크
구근류,2537,튜울립,253710,매직위드
구근류,2537,튜울립,253711,메리크리스마스
구근류,2537,튜울립,253712,미니가든파티
구근류,2537,튜울립,253713,미스홀랜드
구근류,2537,튜울립,253714,브렌다
구근류,2537,튜울립,253715,아펠톤
구근류,2537,튜울립,253716,오스카
구근류,2537,튜울립,253717,옥스포드
구근류,2537,튜울립,253718,요코하마
구근류,2537,튜울립,253719,일드프랑스
구근류,2537,튜울립,253720,카시니
구근류,2537,튜울립,253721,카프리
구근류,2537,튜울립,253722,크리스마스드림
구근류,2537,튜울립,253723,크리스마스마블
구근류,2537,튜울립,253724,키스네리스
구근류,2537,튜울립,253725,킹스브루드
구근류,2537,튜울립,253726,프랑스
구근류,2537,튜울립,253727,프로미넨스
구근류,2537,튜울립,253728,화이트드림
구근류,2537,튜울립,253729,가든
구근류,2537,튜울립,253730,가상
구근류,2537,튜울립,253731,골덴퍼레이드
구근류,2537,튜울립,253732,골든멜로디
구근류,2537,튜울립,253733,네그레타
구근류,2537,튜울립,253734,녹색지대
구근류,2537,튜울립,253735,두난투
구근류,2537,튜울립,253736,드리밍메이드
구근류,2537,튜울립,253737,랩소디
구근류,2537,튜울립,253738,럭키스트라이크
구근류,2537,튜울립,253739,레드마타돌
구근류,2537,튜울립,253740,레드윙스
구근류,2537,튜울립,253741,레오비저
구근류,2537,튜울립,253742,로자리오
구근류,2537,튜울립,253743,린덴마크
구근류,2537,튜울립,253744,마던비지
구근류,2537,튜울립,253745,마릴린
구근류,2537,튜울립,253746,마타돌
구근류,2537,튜울립,253747,메리위도우
구근류,2537,튜울립,253748,메이퀸
구근류,2537,튜울립,253749,모나리자
구근류,2537,튜울립,253750,몬디알
구근류,2537,튜울립,253751,몬테칼로
구근류,2537,튜울립,253752,몬텍스
구근류,2537,튜울립,253753,발라드
구근류,2537,튜울립,253754,베르사이유
구근류,2537,튜울립,253755,뷰티아펠톤
구근류,2537,튜울립,253756,스타게이저
구근류,2537,튜울립,253757,스트롱골드
구근류,2537,튜울립,253758,스프링그린
구근류,2537,튜울립,253759,아라비안미스테리
구근류,2537,튜울립,253760,아리훅
구근류,2537,튜울립,253761,아작스
구근류,2537,튜울립,253762,아티라
구근류,2537,튜울립,253763,아프리콧패롯
구근류,2537,튜울립,253764,안젤릭크
구근류,2537,튜울립,253765,알라딘
구근류,2537,튜울립,253766,애드립
구근류,2537,튜울립,253767,업스타
구근류,2537,튜울립,253768,오렌지죤
구근류,2537,튜울립,253769,오렌지카시니
구근류,2537,튜울립,253770,웨스트포인트
구근류,2537,튜울립,253771,유리상자
구근류,2537,튜울립,253772,이멜프랑스
구근류,2537,튜울립,253773,제크린
구근류,2537,튜울립,253774,지스메리
구근류,2537,튜울립,253775,쵸코렛
구근류,2537,튜울립,253776,카이작스쿤
구근류,2537,튜울립,253777,퀸오브나이트
구근류,2537,튜울립,253778,크리스탈뷰티
구근류,2537,튜울립,253779,파울리더
구근류,2537,튜울립,253780,팔라다
구근류,2537,튜울립,253781,팬시프림
구근류,2537,튜울립,253782,퍼스트클래스
구근류,2537,튜울립,253783,프리실
구근류,2537,튜울립,253784,프린스
구근류,2537,튜울립,253785,해밀턴
구근류,2537,튜울립,253786,혼합
구근류,2537,튜울립,253787,홀랜디아
구근류,2537,튜울립,253788,화이트엘레강스
구근류,2537,튜울립,253789,화이트패롯
구근류,2523,아이리스,252307,옐로우퀸
구근류,2537,튜울립,2537ZZ,기타
구근류,2539,트리토니아,253901,트리토니아(일반)
구근류,2540,프리지아,254001,골든룩
구근류,2540,프리지아,254002,골든웨이브
구근류,2540,프리지아,254003,럭스
구근류,2540,프리지아,254004,볼카노
구근류,2540,프리지아,254005,아테네
구근류,2540,프리지아,254006,옐로우발렛
구근류,2540,프리지아,254007,옐로우엘렌
구근류,2540,프리지아,254008,이본느
구근류,2540,프리지아,254009,화이트윙
구근류,2540,프리지아,254010,골든
구근류,2540,프리지아,254011,레드
구근류,2540,프리지아,254012,록스
구근류,2540,프리지아,254013,미란다
구근류,2540,프리지아,254014,미첼로
구근류,2540,프리지아,254015,백색
구근류,2540,프리지아,254017,스노우탑
구근류,2540,프리지아,254018,아로사
구근류,2540,프리지아,254019,아루바
구근류,2540,프리지아,254020,옐로
구근류,2540,프리지아,254021,이본느 겹꽃
구근류,2540,프리지아,254022,자주
구근류,2540,프리지아,254023,판도라
구근류,2540,프리지아,254024,프리지아 겹꽃
구근류,2540,프리지아,254025,프리지아 홑꽃
구근류,2540,프리지아,254026,VIP
구근류,2540,프리지아,2540ZZ,기타
구근류,2541,프리틸라리아,254101,프리틸라리아(일반)
구근류,2544,히야신스,254401,히야신스(일반)
구근류,2544,히야신스,254402,델프트블루
구근류,2544,히야신스,254403,레드더비
구근류,2544,히야신스,254404,마돈나
구근류,2544,히야신스,254405,블루벨
구근류,2544,히야신스,254406,시티오브할렘
구근류,2544,히야신스,254407,오스타라
구근류,2544,히야신스,254408,쟌보스
구근류,2544,히야신스,254409,카네기
구근류,2547,만년청,254701,만년청
관엽식물류,2601,고무나무,260101,대만고무나무
관엽식물류,2601,고무나무,260102,떡갈잎고무나무
관엽식물류,2601,고무나무,260103,벤자미나
관엽식물류,2601,고무나무,260104,인도고무나무
관엽식물류,2601,고무나무,260105,킹벤자민
관엽식물류,2601,고무나무,260106,푸빌라
관엽식물류,2601,고무나무,260107,가지마루
관엽식물류,2601,고무나무,260108,나타샤벤자민
관엽식물류,2601,고무나무,260109,멜라니고무나무
관엽식물류,2601,고무나무,260110,미니벤자민
관엽식물류,2601,고무나무,260111,소피아고무나무
관엽식물류,2601,고무나무,260112,스트라이프벤자민
관엽식물류,2601,고무나무,260113,인삼고무나무
관엽식물류,2601,고무나무,260114,인삼벤자민
관엽식물류,2601,고무나무,260115,인삼펜다
관엽식물류,2601,고무나무,260116,팬다고무나무
관엽식물류,2601,고무나무,260117,황금벤자민
관엽식물류,2601,고무나무,260118,황금펜다
관엽식물류,2601,고무나무,2601ZZ,기타
관엽식물류,2602,군자란,260201,군자란(일반)
관엽식물류,2606,드라세나,260601,곳세피아나
관엽식물류,2606,드라세나,260602,마지나타
관엽식물류,2606,드라세나,260603,산데리아나
관엽식물류,2606,드라세나,260604,자마이카
관엽식물류,2606,드라세나,260605,콤펙타
관엽식물류,2606,드라세나,260606,행운목
관엽식물류,2606,드라세나,260607,개운죽
관엽식물류,2606,드라세나,260608,고드라인
관엽식물류,2606,드라세나,260609,그레이
관엽식물류,2606,드라세나,260610,레몬라임
관엽식물류,2606,드라세나,260611,맛상게아나
관엽식물류,2606,드라세나,260612,바이칼라
관엽식물류,2606,드라세나,260613,세렉스
관엽식물류,2606,드라세나,260614,송오브인디아
관엽식물류,2606,드라세나,260615,아이보리
관엽식물류,2606,드라세나,260616,아이보리마지나타
관엽식물류,2606,드라세나,260617,엘로우
관엽식물류,2606,드라세나,260618,유카
관엽식물류,2606,드라세나,260619,율리시스
관엽식물류,2606,드라세나,260620,트리칼라
관엽식물류,2606,드라세나,260621,플로리다뷰티
관엽식물류,2606,드라세나,260622,골드
관엽식물류,2606,드라세나,260623,화이트
관엽식물류,2606,드라세나,260624,레인보우
관엽식물류,2606,드라세나,260625,빅토리아
관엽식물류,2606,드라세나,2606ZZ,기타
관엽식물류,2607,디지고데카,260702,단풍디지고데카
관엽식물류,2608,디펜바키아,260802,마리안느
관엽식물류,2608,디펜바키아,260803,트로픽스노우
관엽식물류,2608,디펜바키아,260804,트리픽
관엽식물류,2608,디펜바키아,260805,미니트리픽
관엽식물류,2608,디펜바키아,2608ZZ,기타
관엽식물류,2610,베고니아,261001,베고니아(일반)
관엽식물류,2610,베고니아,261002,드레곤윙
관엽식물류,2610,베고니아,261003,렉스
관엽식물류,2610,베고니아,261004,윙
관엽식물류,2611,부겐빌레아,261101,부겐빌레아(일반)
관엽식물류,2613,산세베리아,261301,산세베리아(일반)
관엽식물류,2616,소철,261601,멕시코소철
관엽식물류,2616,소철,261602,소철
관엽식물류,2616,소철,2616ZZ,기타
관엽식물류,2618,스킨답서스,261801,스킨답서스(일반)
관엽식물류,2619,스테파노티스,261901,스테파노티스(일반)
관엽식물류,2620,스파티필럼,262001,스파티필럼(일반)
관엽식물류,2622,싱고니움,262201,싱고니움(일반)
관엽식물류,2623,아글라오네마,262301,아글라오네마(일반)
관엽식물류,2624,아나나스,262401,구즈마니아
관엽식물류,2624,아나나스,262402,네오레게리아
관엽식물류,2624,아나나스,262403,브리세아
관엽식물류,2624,아나나스,262404,스플렌덴스
관엽식물류,2624,아나나스,262406,아크메아
관엽식물류,2624,아나나스,262407,엘란
관엽식물류,2624,아나나스,262408,채리
관엽식물류,2624,아나나스,262409,틸란드시아
관엽식물류,2624,아나나스,262410,꼬꼬
관엽식물류,2624,아나나스,262411,나나
관엽식물류,2624,아나나스,262412,노랑체리
관엽식물류,2624,아나나스,262413,디스트플로라
관엽식물류,2624,아나나스,262414,디스플로라
관엽식물류,2624,아나나스,262415,맨돌핀
관엽식물류,2624,아나나스,262416,불가사리
관엽식물류,2624,아나나스,262417,브리시아
관엽식물류,2624,아나나스,262418,샤롯트
관엽식물류,2624,아나나스,262419,스프링릿트
관엽식물류,2624,아나나스,262420,스프링텐샤
관엽식물류,2624,아나나스,262421,코메트
관엽식물류,2624,아나나스,262422,포앨마니아
관엽식물류,2624,아나나스,262423,핑크체리
관엽식물류,2624,아나나스,262424,화이트라인
관엽식물류,2624,아나나스,262425,화이트샤타
관엽식물류,2624,아나나스,262426,람바다
관엽식물류,2624,아나나스,262427,그랑프리
관엽식물류,2624,아나나스,262428,안나
관엽식물류,2624,아나나스,262429,콤펙타
관엽식물류,2624,아나나스,2624ZZ,기타
구근류,2540,프리지아,254016,보라
관엽식물류,2627,아부틸론,262701,아부틸론(일반)
관엽식물류,2628,아스파라거스,262801,아스파라거스(일반)
관엽식물류,2628,아스파라거스,262802,메리
관엽식물류,2630,아이비,263001,아이비(일반)
관엽식물류,2630,아이비,263002,레드라
관엽식물류,2630,아이비,263003,별
관엽식물류,2630,아이비,263004,세레지오
관엽식물류,2630,아이비,263005,송학
관엽식물류,2630,아이비,263006,이태리
관엽식물류,2630,아이비,263007,잉글랜드
관엽식물류,2630,아이비,263008,청
관엽식물류,2630,아이비,263009,칼라
관엽식물류,2630,아이비,263010,하트
관엽식물류,2630,아이비,263011,헤데라
관엽식물류,2630,아이비,263012,미니헤데라
관엽식물류,2633,안스리움,263301,델타
관엽식물류,2633,안스리움,263302,셀제리아넘
관엽식물류,2633,안스리움,263303,아마존
관엽식물류,2633,안스리움,263304,안드레아넘
관엽식물류,2633,안스리움,263305,뉴레니
관엽식물류,2633,안스리움,263306,라구나
관엽식물류,2633,안스리움,263307,라일락
관엽식물류,2633,안스리움,263308,라피도
관엽식물류,2633,안스리움,263309,래드퀸
관엽식물류,2633,안스리움,263310,레니
관엽식물류,2633,안스리움,263311,레니퀸
관엽식물류,2633,안스리움,263312,레드엔젤
관엽식물류,2633,안스리움,263313,레드퀸
관엽식물류,2633,안스리움,263314,마꼬야
관엽식물류,2633,안스리움,263315,미도리
관엽식물류,2633,안스리움,263316,발렌타인
관엽식물류,2633,안스리움,263317,발렌티노
관엽식물류,2633,안스리움,263318,베이비레드
관엽식물류,2633,안스리움,263319,베이비마일
관엽식물류,2633,안스리움,263320,비너스
관엽식물류,2633,안스리움,263321,산터
관엽식물류,2633,안스리움,263322,샤챠
관엽식물류,2633,안스리움,263323,세나토르
관엽식물류,2633,안스리움,263324,세네이도
관엽식물류,2633,안스리움,263325,심바
관엽식물류,2633,안스리움,263326,아눅
관엽식물류,2633,안스리움,263327,아니타
관엽식물류,2633,안스리움,263328,아리조나
관엽식물류,2633,안스리움,263329,아미고
관엽식물류,2633,안스리움,263330,아크로폴라스
관엽식물류,2633,안스리움,263331,아토스
관엽식물류,2633,안스리움,263332,엔젤
관엽식물류,2633,안스리움,263333,엠비션
관엽식물류,2633,안스리움,263334,오렌지
관엽식물류,2633,안스리움,263335,오렌지러브
관엽식물류,2633,안스리움,263336,위니
관엽식물류,2633,안스리움,263337,이터너티
관엽식물류,2633,안스리움,263338,잎
관엽식물류,2633,안스리움,263339,챔피온
관엽식물류,2633,안스리움,263340,초코
관엽식물류,2633,안스리움,263341,카니발
관엽식물류,2633,안스리움,263342,코라
관엽식물류,2633,안스리움,263343,클레오파트라
관엽식물류,2633,안스리움,263344,킹
관엽식물류,2633,안스리움,263345,토스카니
관엽식물류,2633,안스리움,263346,투잉고
관엽식물류,2633,안스리움,263347,트로피칼
관엽식물류,2633,안스리움,263348,폐숀
관엽식물류,2633,안스리움,263349,피스터치
관엽식물류,2633,안스리움,263350,피에로
관엽식물류,2633,안스리움,263351,핑크
관엽식물류,2633,안스리움,263352,핑크러브
관엽식물류,2633,안스리움,263353,핫레드
관엽식물류,2633,안스리움,263354,혼합
관엽식물류,2633,안스리움,263355,화이트
관엽식물류,2633,안스리움,263356,환타지아
관엽식물류,2633,안스리움,2633ZZ,기타
관엽식물류,2634,알로카시아,263401,알로카시아(일반)
관엽식물류,2636,야자,263601,공작
관엽식물류,2636,야자,263602,관음죽
관엽식물류,2636,야자,263603,비로
관엽식물류,2636,야자,263604,아레카
관엽식물류,2636,야자,263605,와싱토니아
관엽식물류,2636,야자,263606,종려죽
관엽식물류,2636,야자,263607,켄차
관엽식물류,2636,야자,263608,코코낫
관엽식물류,2636,야자,263609,테이블
관엽식물류,2636,야자,263610,서황근
관엽식물류,2636,야자,263611,세브리찌
관엽식물류,2636,야자,263612,엘레강스
관엽식물류,2636,야자,263613,왕야자
관엽식물류,2636,야자,263614,피낭야자
관엽식물류,2636,야자,263615,피닉스야자
관엽식물류,2636,야자,2636ZZ,기타
관엽식물류,2637,옥살리스,263702,녹무
관엽식물류,2637,옥살리스,263703,바시카라
관엽식물류,2637,옥살리스,263704,이높스
관엽식물류,2637,옥살리스,263705,짝사랑
관엽식물류,2637,옥살리스,263706,참사랑
관엽식물류,2638,익소라,263801,익소라(일반)
관엽식물류,2638,익소라,263802,후라세리
관엽식물류,2640,제브리나,264001,제브리나(일반)
관엽식물류,2642,칼랑코에,264201,웬디
관엽식물류,2642,칼랑코에,264202,칼랑코에
관엽식물류,2642,칼랑코에,264203,엔젤
관엽식물류,2642,칼랑코에,264204,레몬
관엽식물류,2642,칼랑코에,264205,뉴질랜드
관엽식물류,2642,칼랑코에,264206,러브벨
관엽식물류,2642,칼랑코에,264207,미니칼랑코에
관엽식물류,2642,칼랑코에,264208,미라벨라
관엽식물류,2642,칼랑코에,264209,아프리카
관엽식물류,2642,칼랑코에,2642ZZ,기타
관엽식물류,2643,커피나무,264301,커피나무(일반)
관엽식물류,2643,커피나무,264302,커피아라바카
관엽식물류,2647,쿠페아,264701,쿠페아(일반)
관엽식물류,2650,파키라,265001,파키라(일반)
관엽식물류,2651,페페로미아,265101,페페로미아(일반)
관엽식물류,2651,페페로미아,265102,글로리아
관엽식물류,2651,페페로미아,265103,노랑페페
관엽식물류,2651,페페로미아,265104,수박페페
관엽식물류,2651,페페로미아,265105,아악무
관엽식물류,2651,페페로미아,265106,청페페
관엽식물류,2651,페페로미아,265107,픽시
관엽식물류,2651,페페로미아,265108,홀리아
관엽식물류,2651,페페로미아,265109,홍페페
관엽식물류,2651,페페로미아,265110,골드
관엽식물류,2625,아디안텀,262501,아디안텀(일반)
관엽식물류,2653,포인세티아,265301,포인세티아(일반)
관엽식물류,2653,포인세티아,265302,윈터로즈
관엽식물류,2653,포인세티아,265303,져스트
관엽식물류,2653,포인세티아,265304,프리덤
관엽식물류,2658,피토니아,265801,피토니아(일반)
관엽식물류,2659,필레아,265901,필레아(일반)
관엽식물류,2660,필로덴드론,266001,필로덴드론(일반)
관엽식물류,2661,하이포에스테스,266101,하이포에스테스(일반)
관엽식물류,2663,호야,266301,호야(일반)
관엽식물류,2663,호야,266302,큐피트
관엽식물류,2663,호야,266303,하트호야
관엽식물류,2664,후쿠시아,266401,후쿠시아(일반)
관엽식물류,2664,후쿠시아,266402,발레리나
관엽식물류,2664,후쿠시아,266403,다크아이즈
관엽식물류,2664,후쿠시아,266404,미니후쿠시아
관엽식물류,2664,후쿠시아,266405,알베르티나
관엽식물류,2664,후쿠시아,266406,엔덴로그
관엽식물류,2664,후쿠시아,266407,파트리카
관엽식물류,2666,고사리류,266601,녹각
관엽식물류,2666,고사리류,266602,다발리아
관엽식물류,2666,고사리류,266603,더피
관엽식물류,2666,고사리류,266604,라파엘
관엽식물류,2666,고사리류,266605,루모라
관엽식물류,2666,고사리류,266606,마리샤
관엽식물류,2666,고사리류,266607,마이크롬
관엽식물류,2666,고사리류,266608,보스톤
관엽식물류,2666,고사리류,266609,블랙크넘
관엽식물류,2666,고사리류,266610,트리안
관엽식물류,2666,고사리류,266611,푸테리스
관엽식물류,2666,고사리류,266612,후마타
관엽식물류,2666,고사리류,2666ZZ,기타
관엽식물류,2675,노무라,267501,노무라(일반)
관엽식물류,2684,디스키디아,268401,디스키다아(일반)
관엽식물류,2691,마란타,269101,마란타(일반)
관엽식물류,2691,마란타,269102,개구리마란타
관엽식물류,2691,마란타,269103,오색마란타
관엽식물류,2693,마삭줄,269301,마삭줄(일반)
화훼종자류,2709,카네이션종자,270901,카네이션종자(일반)
화훼종자류,2710,코스모스종자,271001,코스모스종자(일반)
기타화훼,2802,허브,280201,허브(일반)
기타화훼,2802,허브,280202,골드타임
기타화훼,2802,허브,280203,골든레몬타임
기타화훼,2802,허브,280204,구문초
기타화훼,2802,허브,280205,데코롱
기타화훼,2802,허브,280206,라벤다
기타화훼,2802,허브,280207,레몬바베나
기타화훼,2802,허브,280208,레몬밤
기타화훼,2802,허브,280209,레몬타임
기타화훼,2802,허브,280210,로즈마리
기타화훼,2802,허브,280211,로즈제라늄
기타화훼,2802,허브,280212,보세나
기타화훼,2802,허브,280213,서양톱풀
기타화훼,2802,허브,280214,알파인
기타화훼,2802,허브,280215,애플민트
기타화훼,2802,허브,280216,야로우
기타화훼,2802,허브,280217,쵸코제랴늄
기타화훼,2802,허브,280218,캔들
기타화훼,2802,허브,280219,캔들걸이
기타화훼,2802,허브,280220,캔들프렌트
기타화훼,2802,허브,280221,클리핑로즈마리
기타화훼,2802,허브,280222,타임
기타화훼,2802,허브,280223,트리칼라세이지
기타화훼,2802,허브,280224,파인애플세이지
기타화훼,2802,허브,280225,허브고추
기타화훼,2802,허브,280226,헬리오트로트
기타화훼,2802,허브,280227,라벤사
기타화훼,2802,허브,280228,혼합
기타화훼,2803,야생화,280301,벌개미취
기타화훼,2803,야생화,280302,바위취
기타화훼,2803,야생화,280303,비비추
기타화훼,2803,야생화,280304,구절초
기타화훼,2803,야생화,280305,붓꽃
기타화훼,2803,야생화,280306,감국
기타화훼,2803,야생화,280307,쑥부쟁이
기타화훼,2803,야생화,280308,금불초
기타화훼,2803,야생화,280309,부용
기타화훼,2803,야생화,280310,섬기린초
기타화훼,2803,야생화,280311,수련
기타화훼,2803,야생화,280312,노루오줌
기타화훼,2803,야생화,280313,물래나물
기타화훼,2803,야생화,280314,은방울꽃
기타화훼,2803,야생화,280315,돌나물
기타화훼,2803,야생화,280316,할미꽃
기타화훼,2803,야생화,280317,매발톱
기타화훼,2803,야생화,280318,동의나물
기타화훼,2803,야생화,280319,개부처손
기타화훼,2803,야생화,280320,거미바위솔
기타화훼,2803,야생화,280321,거미줄바위연
기타화훼,2803,야생화,280323,기생란
기타화훼,2803,야생화,280324,노부단
기타화훼,2803,야생화,280325,달개비
기타화훼,2803,야생화,280326,돌담초
기타화훼,2803,야생화,280327,돌채송화
기타화훼,2803,야생화,280328,둥글레
기타화훼,2803,야생화,280329,만병초
기타화훼,2803,야생화,280330,무늬둥글레
기타화훼,2803,야생화,280331,무늬비비추
기타화훼,2803,야생화,280332,무지개비름꽃
기타화훼,2803,야생화,280333,바위솔
기타화훼,2803,야생화,280334,백설
기타화훼,2803,야생화,280335,백화등
기타화훼,2803,야생화,280336,복꽈리
기타화훼,2803,야생화,280337,복수초
기타화훼,2803,야생화,280338,불로초
기타화훼,2803,야생화,280339,기린초
기타화훼,2803,야생화,280340,산마늘
기타화훼,2803,야생화,280341,새우란
기타화훼,2803,야생화,280342,설란
기타화훼,2803,야생화,280343,설화
기타화훼,2803,야생화,280344,세돔
기타화훼,2803,야생화,280345,실란
기타화훼,2803,야생화,280346,암담초
기타화훼,2803,야생화,280347,용설난
기타화훼,2803,야생화,280348,우만동자
기타화훼,2803,야생화,280349,우산나물
기타화훼,2803,야생화,280350,자주구슬초
기타화훼,2803,야생화,280351,자주빛달개비(일반)
기타화훼,2803,야생화,280352,족도리꽃
기타화훼,2803,야생화,280353,초설
기타화훼,2803,야생화,280354,창포미인
기타화훼,2803,야생화,280355,천남성
기타화훼,2803,야생화,280356,천냥금
기타화훼,2803,야생화,280357,천상초
기타화훼,2803,야생화,280358,청하국
기타화훼,2803,야생화,280359,초롱꽃
기타화훼,2803,야생화,280360,풍년초
기타화훼,2803,야생화,280361,풍로초
관엽식물류,2652,펜타스,265201,펜타스(일반)
기타화훼,2803,야생화,280363,호랑이발톱
기타화훼,2803,야생화,280364,홍설
기타화훼,2803,야생화,280365,후륵스
기타화훼,2803,야생화,280366,범의꼬리
기타화훼,2803,야생화,280367,범부처
기타화훼,2803,야생화,2803ZZ,기타
산림종묘,2901,종자,290101,강송
산림종묘,2901,종자,290102,잣나무
산림종묘,2901,종자,290103,전나무
산림종묘,2901,종자,290104,낙엽송
산림종묘,2901,종자,290105,잎갈나무
산림종묘,2901,종자,290106,삼나무
산림종묘,2901,종자,290107,편백
산림종묘,2901,종자,290108,해송
산림종묘,2901,종자,290109,리기다소나무
산림종묘,2901,종자,290110,리기테다소나무
산림종묘,2901,종자,290111,테다소나무
산림종묘,2901,종자,290112,스트로브잣나무
산림종묘,2901,종자,290113,버지니아소나무
산림종묘,2901,종자,290114,상수리나무
산림종묘,2901,종자,290115,굴참나무
산림종묘,2901,종자,290116,신갈나무
산림종묘,2901,종자,290117,자작나무
산림종묘,2901,종자,290118,박달나무
산림종묘,2901,종자,290119,거제수
산림종묘,2901,종자,290120,사스레나무
산림종묘,2901,종자,290121,물푸레나무
산림종묘,2901,종자,290122,들메나무
산림종묘,2901,종자,290123,느티나무
산림종묘,2901,종자,290124,오동나무
산림종묘,2901,종자,290125,밤나무
산림종묘,2901,종자,290126,호도나무
산림종묘,2901,종자,290127,산오리나무
산림종묘,2901,종자,290128,사방오리나무
산림종묘,2901,종자,290129,물갬나무
산림종묘,2901,종자,290130,좀잎산오리나무
산림종묘,2901,종자,290131,아까시나무
산림종묘,2901,종자,290132,독일가문비
산림종묘,2901,종자,290133,가문비나무
산림종묘,2901,종자,290134,분비나무
산림종묘,2901,종자,290135,종비나무
산림종묘,2901,종자,290136,측백나무
산림종묘,2901,종자,290137,엄나무
산림종묘,2901,종자,290138,피나무
산림종묘,2901,종자,290139,찰피나무
산림종묘,2901,종자,290140,은행나무
산림종묘,2901,종자,290141,살구나무
산림종묘,2901,종자,290142,옻나무
산림종묘,2901,종자,290143,비자나무
산림종묘,2901,종자,290144,가래나무
산림종묘,2901,종자,290145,벚나무
산림종묘,2901,종자,290146,주목
산림종묘,2901,종자,290147,향나무
산림종묘,2901,종자,290148,쪽제비나무
산림종묘,2901,종자,290149,참싸리
산림종묘,2901,종자,290150,고로쇠나무
산림종묘,2901,종자,290151,난틔나무
산림종묘,2901,종자,2901ZZ,기타
산림종묘,2902,묘목,290201,강송
산림종묘,2902,묘목,290202,잣나무
산림종묘,2902,묘목,290203,젓나무
산림종묘,2902,묘목,290204,낙엽송
산림종묘,2902,묘목,290205,삼나무
산림종묘,2902,묘목,290206,편백
산림종묘,2902,묘목,290207,화백
산림종묘,2902,묘목,290208,해송
산림종묘,2902,묘목,290209,리기테다소나무
산림종묘,2902,묘목,290210,테다소나무
산림종묘,2902,묘목,290211,리기다소나무
산림종묘,2902,묘목,290212,스트로브잣나무
산림종묘,2902,묘목,290213,버지니아소나무
산림종묘,2902,묘목,290214,상수리나무
산림종묘,2902,묘목,290215,굴참나무
산림종묘,2902,묘목,290216,신갈나무
산림종묘,2902,묘목,290217,자작나무
산림종묘,2902,묘목,290218,박달나무
산림종묘,2902,묘목,290219,거제수
산림종묘,2902,묘목,290220,사스레나무
산림종묘,2902,묘목,290221,물푸레나무
산림종묘,2902,묘목,290222,들메나무
산림종묘,2902,묘목,290223,느티나무
산림종묘,2902,묘목,290224,루브라참나무
산림종묘,2902,묘목,290225,이태리포플러
산림종묘,2902,묘목,290226,현사시(푸라다나스)
산림종묘,2902,묘목,290227,양황철나무
산림종묘,2902,묘목,290228,수원포플러
산림종묘,2902,묘목,290229,오동나무
산림종묘,2902,묘목,290230,밤나무
산림종묘,2902,묘목,290231,호도나무
산림종묘,2902,묘목,290232,오리나무류
산림종묘,2902,묘목,290233,아까시나무
산림종묘,2902,묘목,290234,독일가문비나무
산림종묘,2902,묘목,290235,가문비나무
산림종묘,2902,묘목,290236,분비나무
산림종묘,2902,묘목,290237,음나무
산림종묘,2902,묘목,290238,피나무
산림종묘,2902,묘목,290239,은행나무
산림종묘,2902,묘목,290240,살구나무
산림종묘,2902,묘목,290241,감나무
산림종묘,2902,묘목,290242,쪽제비싸리
산림종묘,2902,묘목,290243,참싸리
산림종묘,2902,묘목,2902ZZ,기타
산림종묘,2903,분재류,290301,송백
산림종묘,2903,분재류,290302,철쭉
산림종묘,2903,분재류,290303,소철
산림종묘,2903,분재류,290304,종려
산림종묘,2903,분재류,290305,목련
산림종묘,2903,분재류,290306,금강
산림종묘,2903,분재류,290307,편백
산림종묘,2903,분재류,290308,알로에
산림종묘,2903,분재류,290309,둥글래
산림종묘,2903,분재류,290310,옥잠화
산림종묘,2903,분재류,290311,엔젤소나무
산림종묘,2903,분재류,290312,팔손이
산림종묘,2903,분재류,290313,휘커스벤자민
산림종묘,2903,분재류,2903ZZ,기타
수목류,3001,낙엽관목류,300101,개나리
수목류,3001,낙엽관목류,300102,개쉬땅나무
수목류,3001,낙엽관목류,300103,겹산철쭉
수목류,3001,낙엽관목류,300104,겹철쭉
수목류,3001,낙엽관목류,300105,고광나무
수목류,3001,낙엽관목류,300106,곰솔(해송)
수목류,3001,낙엽관목류,300107,낙상홍
수목류,3001,낙엽관목류,300108,눈섬개야광
수목류,3001,낙엽관목류,300109,능소화
수목류,3001,낙엽관목류,300110,단풍철쭉
수목류,3001,낙엽관목류,300111,당종려
수목류,3001,낙엽관목류,300112,덩굴장미
수목류,3001,낙엽관목류,300113,등나무
수목류,3001,낙엽관목류,300114,말발도리
수목류,3001,낙엽관목류,300115,매자나무(양매자)
수목류,3001,낙엽관목류,300116,명자나무
수목류,3001,낙엽관목류,300117,모란
수목류,3001,낙엽관목류,300118,목수국
기타화훼,2803,야생화,280362,한라 우산나물
수목류,3001,낙엽관목류,300120,미선나무
수목류,3001,낙엽관목류,300121,박태기나무
수목류,3001,낙엽관목류,300122,백철쭉
수목류,3001,낙엽관목류,300123,병꽃나무
수목류,3001,낙엽관목류,300124,보리수
수목류,3001,낙엽관목류,300125,부용
수목류,3001,낙엽관목류,300126,불두화
수목류,3001,낙엽관목류,300127,산수국
수목류,3001,낙엽관목류,300128,산수유
수목류,3001,낙엽관목류,300129,생강나무
수목류,3001,낙엽관목류,300130,수수꽃다리
수목류,3001,낙엽관목류,300131,아로니아
수목류,3001,낙엽관목류,300132,앵두나무
수목류,3001,낙엽관목류,300133,영산홍
수목류,3001,낙엽관목류,300134,옥매화
수목류,3001,낙엽관목류,300135,자산홍
수목류,3001,낙엽관목류,300136,장미
수목류,3001,낙엽관목류,300137,조팝나무
수목류,3001,낙엽관목류,300138,좀작살
수목류,3001,낙엽관목류,300139,쥐똥나무
수목류,3001,낙엽관목류,300140,진달래
수목류,3001,낙엽관목류,300141,화살나무
수목류,3001,낙엽관목류,300142,황매화
수목류,3001,낙엽관목류,300143,흰말채나무(적황)
수목류,3001,낙엽관목류,300144,아벨리아
수목류,3001,낙엽관목류,300145,찔레나무
수목류,3001,낙엽관목류,300146,싸리나무
수목류,3001,낙엽관목류,3001ZZ,기타
수목류,3002,낙엽교목류,300201,가래나무
수목류,3002,낙엽교목류,300202,가중나무
수목류,3002,낙엽교목류,300203,감나무
수목류,3002,낙엽교목류,300204,겹벗나무
수목류,3002,낙엽교목류,300205,계수나무
수목류,3002,낙엽교목류,300206,고로쇠나무
수목류,3002,낙엽교목류,300207,꽃복숭아
수목류,3002,낙엽교목류,300208,꽃사과
수목류,3002,낙엽교목류,300209,꽃아그배나무(서부해당화)
수목류,3002,낙엽교목류,300210,낙우송
수목류,3002,낙엽교목류,300211,노각나무
수목류,3002,낙엽교목류,300212,노르웨이단풍
수목류,3002,낙엽교목류,300213,느릅나무
수목류,3002,낙엽교목류,300214,느티나무
수목류,3002,낙엽교목류,300215,다릅나무
수목류,3002,낙엽교목류,300216,다정큼나무
수목류,3002,낙엽교목류,300217,담쟁이덩굴
수목류,3002,낙엽교목류,300218,대왕참나무(핀오크)
수목류,3002,낙엽교목류,300219,대추나무
수목류,3002,낙엽교목류,300220,덜꿩나무
수목류,3002,낙엽교목류,300221,두충나무
수목류,3002,낙엽교목류,300222,들메나무
수목류,3002,낙엽교목류,300223,때죽나무
수목류,3002,낙엽교목류,300224,루브라참나무
수목류,3002,낙엽교목류,300225,마가목
수목류,3002,낙엽교목류,300226,만리화
수목류,3002,낙엽교목류,300227,매화나무
수목류,3002,낙엽교목류,300228,메타세퀘이아
수목류,3002,낙엽교목류,300229,모감주나무
수목류,3002,낙엽교목류,300230,모과나무
수목류,3002,낙엽교목류,300231,목련
수목류,3002,낙엽교목류,300232,물푸레나무
수목류,3002,낙엽교목류,300233,배롱나무
수목류,3002,낙엽교목류,300234,복자기
수목류,3002,낙엽교목류,300235,비목나무
수목류,3002,낙엽교목류,300236,산단풍
수목류,3002,낙엽교목류,300237,산딸나무
수목류,3002,낙엽교목류,300238,산벗나무
수목류,3002,낙엽교목류,300239,산사나무
수목류,3002,낙엽교목류,300240,산철쭉
수목류,3002,낙엽교목류,300241,살구나무
수목류,3002,낙엽교목류,300242,서어나무
수목류,3002,낙엽교목류,300243,세로티나벗나무
수목류,3002,낙엽교목류,300244,소사나무
수목류,3002,낙엽교목류,300245,쉬나무
수목류,3002,낙엽교목류,300246,아그배나무
수목류,3002,낙엽교목류,300247,왕벗나무
수목류,3002,낙엽교목류,300248,은단풍
수목류,3002,낙엽교목류,300249,은행나무
수목류,3002,낙엽교목류,300250,이팝나무
수목류,3002,낙엽교목류,300251,일본목련
수목류,3002,낙엽교목류,300252,자귀나무
수목류,3002,낙엽교목류,300253,자작나무
수목류,3002,낙엽교목류,300254,중국단풍
수목류,3002,낙엽교목류,300255,쪽동백
수목류,3002,낙엽교목류,300256,참나무류
수목류,3002,낙엽교목류,300257,채진목
수목류,3002,낙엽교목류,300258,청단풍
수목류,3002,낙엽교목류,300259,층층나무
수목류,3002,낙엽교목류,300260,칠엽수
수목류,3002,낙엽교목류,300261,튜립나무
수목류,3002,낙엽교목류,300262,팥배나무
수목류,3002,낙엽교목류,300263,팽나무
수목류,3002,낙엽교목류,300264,프라타나스(양버즘나무)
수목류,3002,낙엽교목류,300265,피나무
수목류,3002,낙엽교목류,300266,해당화
수목류,3002,낙엽교목류,300267,허니아카시아
수목류,3002,낙엽교목류,300268,호도나무
수목류,3002,낙엽교목류,300269,혹호도나무
수목류,3002,낙엽교목류,300270,홍단풍(야촌단풍)
수목류,3002,낙엽교목류,300271,황벽나무
수목류,3002,낙엽교목류,300272,회화나무
수목류,3002,낙엽교목류,300273,배나무
수목류,3002,낙엽교목류,300274,청희단풍
수목류,3002,낙엽교목류,3002ZZ,기타
목재류,3101,원목,310101,소나무
목재류,3101,원목,310102,낙엽송
목재류,3101,원목,310103,잣나무
목재류,3101,원목,310104,리기다
목재류,3101,원목,310105,은행나무
목재류,3101,원목,310106,삼나무
목재류,3101,원목,310107,편백나무
목재류,3101,원목,310108,전나무
목재류,3101,원목,310109,향나무
목재류,3101,원목,310110,레드파인
목재류,3101,원목,310111,미국솔송나무
목재류,3101,원목,310112,가문비나무(Spruce)
목재류,3101,원목,310113,화이트퍼
목재류,3101,원목,310114,시이더
목재류,3101,원목,310115,미송
목재류,3101,원목,310149,기타침엽수
목재류,3101,원목,310151,참나무류
목재류,3101,원목,310152,단풍나무
목재류,3101,원목,310153,박달나무
목재류,3101,원목,310154,주홍나무
목재류,3101,원목,310155,물푸레나무
목재류,3101,원목,310169,기타활엽수
목재류,3101,원목,310171,라왕류
수목류,3001,낙엽관목류,300119,무궁화
목재류,3101,원목,310173,제루통
목재류,3101,원목,310174,말라스
목재류,3101,원목,310175,MLH
목재류,3101,원목,310176,오쿠메
목재류,3101,원목,310177,너도밤나무
목재류,3101,원목,3101ZZ,기타열대산활엽수
목재류,3114,무늬목,311401,오크
목재류,3114,무늬목,311402,E-오크
목재류,3114,무늬목,311403,느릅
목재류,3114,무늬목,311404,미송
목재류,3114,무늬목,311405,월낫
목재류,3114,무늬목,311406,라왕
목재류,3114,무늬목,311407,마호가니
목재류,3114,무늬목,311408,티크
목재류,3114,무늬목,311409,로즈
목재류,3114,무늬목,311410,가링
목재류,3114,무늬목,3114ZZ,기타
임산부산물,3401,수엽류,340101,은행잎
임산부산물,3401,수엽류,340102,솔잎
임산부산물,3401,수엽류,340103,두충잎
임산부산물,3401,수엽류,340104,떡갈잎
임산부산물,3401,수엽류,340105,멍개잎
임산부산물,3401,수엽류,3401ZZ,기타
임산부산물,3402,수액류,340201,고로쇠나무수액
임산부산물,3402,수액류,340202,자작나무수액
임산부산물,3402,수액류,340203,단풍나무수액
임산부산물,3402,수액류,340204,박달나무수액
임산부산물,3402,수액류,340299,기타
임산부산물,3406,나무뿌리,340601,소나무
임산부산물,3406,나무뿌리,340602,느티나무
임산부산물,3406,나무뿌리,340603,단풍나무
임산부산물,3406,나무뿌리,340604,칡뿌리
임산부산물,3406,나무뿌리,3406ZZ,기타
목재류,3101,원목,310172,에투입
식물성단미사료,5201,곡물류,520101,옥수수
식물성단미사료,5201,곡물류,520102,밀
식물성단미사료,5201,곡물류,520103,보리
식물성단미사료,5201,곡물류,520104,수수
식물성단미사료,5201,곡물류,520105,귀리
식물성단미사료,5201,곡물류,520106,호밀
식물성단미사료,5201,곡물류,520107,조
식물성단미사료,5201,곡물류,520108,피
식물성단미사료,5201,곡물류,520109,쌀
식물성단미사료,5201,곡물류,520110,메밀
식물성단미사료,5201,곡물류,520111,트리티케일
식물성단미사료,5201,곡물류,520112,루핀종실
식물성단미사료,5201,곡물류,520113,두류
식물성단미사료,5201,곡물류,520199,기타
식물성단미사료,5202,곡물부산물,520299,기타
식물성단미사료,5204,근괴류,520401,고구마
식물성단미사료,5204,근괴류,520402,감자
식물성단미사료,5204,근괴류,520403,돼지감자
식물성단미사료,5204,근괴류,520404,타피오카
식물성단미사료,5204,근괴류,520405,무우
식물성단미사료,5204,근괴류,520406,당근
식물성단미사료,5204,근괴류,520499,기타
식물성단미사료,5206,해조류,520699,기타
식물성단미사료,5207,섬유질분,520713,감귤박
